Date,Location,Temperature_High_C,Temperature_Low_C,Precipitation_mm,Humidity_%,Wind_Speed_kmh
2021-01-01,Toronto,6.854305348,0.211647369,7.877288113,55.61721145,13.13237835
2021-01-02,Toronto,32.78214379,19.63639659,13.02465954,94.43170184,22.81553333
2021-01-03,Toronto,22.93972738,11.28775517,2.131860606,80.24393871,25.41948666
2021-01-04,Toronto,16.93963179,6.708977541,13.15690609,73.62643786,9.540349194
2021-01-05,Toronto,-2.97916118,-11.56746602,19.98827452,46.65936815,14.2735252
2021-01-06,Toronto,-2.980246585,-16.75225199,0.964240777,66.82333263,27.54850492
2021-01-07,Toronto,-7.386237452,-16.31068853,19.54348368,67.62149627,25.16733799
2021-01-08,Toronto,28.97792656,15.81193217,8.138159214,91.87381657,29.62146007
2021-01-09,Toronto,17.05017553,7.658826443,17.41506901,72.79889321,23.85620649
2021-01-10,Toronto,21.863266,13.09382171,15.64770968,62.82403294,14.82988003
2021-01-11,Toronto,-9.073697757,-18.70049561,11.34032522,98.60801971,19.76594585
2021-01-12,Toronto,33.64594335,25.63216461,14.76898419,46.6432356,21.52535636
2021-01-13,Toronto,27.45991884,14.98382503,17.57031123,65.3529057,6.961395408
2021-01-14,Toronto,-0.444740019,-10.47194392,8.082806433,42.52148051,18.61242398
2021-01-15,Toronto,-1.817876476,-9.140003427,6.540663231,84.39424725,22.73302071
2021-01-16,Toronto,-1.746797057,-15.74254279,13.35186771,95.08459313,9.1830326
2021-01-17,Toronto,3.690900933,-5.148011281,16.15691884,56.80223977,24.51579294
2021-01-18,Toronto,13.61403942,3.178510812,15.2457027,91.50050061,19.59431951
2021-01-19,Toronto,9.437525839,-4.627195271,15.95627298,57.53309383,28.80554464
2021-01-20,Toronto,3.105311309,-8.13706865,8.711666296,94.6462097,6.060557455
2021-01-21,Toronto,17.53338026,11.36439986,16.35668432,85.23771422,11.63315344
2021-01-22,Toronto,-3.722776271,-18.12109751,2.404181107,88.29440661,20.03884698
2021-01-23,Toronto,3.146509184,-8.130571347,10.88978196,41.08039334,12.41399781
2021-01-24,Toronto,6.486282948,-1.862773198,0.11517321,97.76862142,22.8606041
2021-01-25,Toronto,10.52314929,4.130428563,6.491716598,83.60025952,23.97513206
2021-01-26,Toronto,25.33291826,12.39266637,7.329230697,58.28506572,7.562899102
2021-01-27,Toronto,-1.014679803,-12.21540736,7.923453832,89.76367989,17.84636161
2021-01-28,Toronto,13.14054973,2.805938809,13.90934413,56.8912719,17.72226389
2021-01-29,Toronto,16.6586556,2.719729768,7.771162025,92.36523037,14.23201926
2021-01-30,Toronto,-7.909731428,-20.79570354,8.973872452,46.75482342,28.32312156
2021-01-31,Toronto,17.33951834,10.82276954,4.750882617,82.22115865,25.687658
2021-02-01,Toronto,-2.326414434,-10.44363511,7.465035833,72.4419086,22.43023455
2021-02-02,Toronto,-7.072678316,-14.55756971,4.545392545,45.79206821,22.85816589
2021-02-03,Toronto,32.69984918,20.26038625,1.463918475,54.5136297,16.5429036
2021-02-04,Toronto,33.45344149,28.11811714,12.06897187,40.74424218,28.02486303
2021-02-05,Toronto,26.37788067,15.67898382,13.36425597,68.12607793,22.36488568
2021-02-06,Toronto,3.707619613,-8.916967245,12.38980692,58.07591565,23.22452654
2021-02-07,Toronto,-5.60475487,-19.37241124,9.269880876,75.90144906,26.54227259
2021-02-08,Toronto,20.79048619,12.36966871,7.595715604,57.83426846,11.85178973
2021-02-09,Toronto,9.806862218,-3.405710828,17.26667299,57.99514669,25.1767726
2021-02-10,Toronto,-4.508279432,-10.6145968,10.3816357,84.59159192,9.881015074
2021-02-11,Toronto,12.28296096,-1.181561962,9.583637553,42.88857016,13.63354881
2021-02-12,Toronto,-8.45251655,-14.72740317,0.512841316,94.17369971,13.39026136
2021-02-13,Toronto,30.91941809,21.94654519,6.824956553,91.13583246,29.46313671
2021-02-14,Toronto,1.645099172,-11.32785449,7.603912376,80.06828099,26.41343059
2021-02-15,Toronto,19.8135028,13.31432852,7.976455618,75.59329421,22.52924654
2021-02-16,Toronto,4.026998424,-3.265515528,11.60344738,93.53814989,23.17641904
2021-02-17,Toronto,13.40306095,1.180535269,10.67205093,51.11981077,19.05181986
2021-02-18,Toronto,14.60196257,2.401597205,12.15810186,44.73814973,28.67726668
2021-02-19,Toronto,-1.681549501,-13.09302583,15.29766523,54.37061019,17.40646882
2021-02-20,Toronto,33.63130825,21.6918238,16.25971477,87.67469672,14.51294275
2021-02-21,Toronto,24.88097705,14.45373262,14.36246152,42.080216,9.075883423
2021-02-22,Toronto,32.27745237,24.75946178,19.11047392,74.96841011,24.65514131
2021-02-23,Toronto,30.26723077,21.81027083,0.364651654,99.72625097,23.3610983
2021-02-24,Toronto,16.90549905,10.08952188,3.915559714,91.34176563,14.60887596
2021-02-25,Toronto,31.48434058,17.39983496,0.1512575,71.28674134,5.629835349
2021-02-26,Toronto,-6.017837408,-16.85175536,12.94949428,43.81845456,25.97493319
2021-02-27,Toronto,-1.180771191,-10.18928536,17.96061098,89.88241086,5.285449586
2021-02-28,Toronto,-7.964771999,-17.58483004,4.869645932,75.93871049,22.59249449
2021-03-01,Toronto,4.639864884,-9.832968512,18.5406909,46.89597982,29.25642774
2021-03-02,Toronto,7.490478036,0.956964005,1.205347806,45.63143709,15.9415332
2021-03-03,Toronto,2.21070643,-8.65159189,18.68872054,94.57760917,10.87433512
2021-03-04,Toronto,27.29318791,17.23430112,7.032453745,80.15201578,22.62177525
2021-03-05,Toronto,6.053899701,-5.060642653,2.028416569,89.75720796,25.42820355
2021-03-06,Toronto,2.642052936,-2.539048902,9.717435184,92.73873402,18.6607579
2021-03-07,Toronto,14.42132374,0.700084653,5.135531354,74.30634112,29.17588188
2021-03-08,Toronto,-3.658409876,-17.9795927,5.697458039,71.04678111,6.291718041
2021-03-09,Toronto,26.09886413,15.4475323,6.145799299,65.82564462,17.61988996
2021-03-10,Toronto,-6.645221034,-18.61172927,16.06051796,59.01679527,22.96134868
2021-03-11,Toronto,34.40991215,20.18491834,10.78322553,66.07575765,26.56601178
2021-03-12,Toronto,24.75101462,12.67862828,6.226153983,86.43277934,9.481390298
2021-03-13,Toronto,-1.057794331,-7.58318476,12.20667567,76.11540586,25.00008704
2021-03-14,Toronto,-9.751504729,-20.51438833,14.32301348,93.5513974,18.81767689
2021-03-15,Toronto,26.69576428,15.62861382,5.452480015,66.60280086,14.91384205
2021-03-16,Toronto,21.80858047,12.56727376,8.270982031,76.42537472,8.292875714
2021-03-17,Toronto,22.80532256,10.44088021,2.437721867,77.87845319,26.63239397
2021-03-18,Toronto,24.7071656,10.36349545,3.622986991,75.50182974,8.931830204
2021-03-19,Toronto,-6.667990672,-20.9236758,13.62235708,82.15802639,12.74469648
2021-03-20,Toronto,6.130957784,-3.37743593,3.628766954,54.2460081,12.2511383
2021-03-21,Toronto,-4.785892321,-10.91827278,10.50326767,70.74182665,26.78535085
2021-03-22,Toronto,28.83965416,13.99124217,14.18092523,46.25348817,21.81757486
2021-03-23,Toronto,18.04841571,4.659434843,2.137538462,63.07067966,24.91703493
2021-03-24,Toronto,4.890411118,-1.356215694,11.34624439,69.26002412,11.26169747
2021-03-25,Toronto,-7.139874237,-21.34829306,5.131255674,79.13345557,20.62185249
2021-03-26,Toronto,3.994204477,-9.704759143,19.2585375,97.03186316,19.29364958
2021-03-27,Toronto,4.633249491,-5.55513108,9.670912934,76.03906399,25.82075942
2021-03-28,Toronto,22.83227803,11.91952367,16.119851,84.61563497,27.65217651
2021-03-29,Toronto,18.69008621,9.700059172,11.00453084,70.37596357,5.303919287
2021-03-30,Toronto,29.92457342,24.37695703,0.868250657,78.04624188,21.85049798
2021-03-31,Toronto,11.24967163,2.897699216,12.66302751,44.25593297,6.295894978
2021-04-01,Toronto,-4.618258933,-17.64679342,19.02806684,55.26349485,18.72146663
2021-04-02,Toronto,22.09601543,17.04969519,12.0322364,61.71118559,12.19081823
2021-04-03,Toronto,24.23532719,15.90033547,16.38377719,68.3496013,12.66941499
2021-04-04,Toronto,15.25747389,6.275786955,17.68412927,42.73892473,13.82396259
2021-04-05,Toronto,24.6935231,14.31956707,4.561595439,48.40144585,20.53231123
2021-04-06,Toronto,12.22080184,-1.977754328,4.240896798,56.60885847,13.35124914
2021-04-07,Toronto,13.52297732,5.059517379,12.21961978,98.29196145,23.31747626
2021-04-08,Toronto,9.239345826,0.769813807,8.220569396,59.88082043,15.11318464
2021-04-09,Toronto,-8.856139297,-21.23115178,16.79722606,68.92246349,6.708830008
2021-04-10,Toronto,-5.144885785,-14.66706519,18.00046247,51.76586276,24.59399606
2021-04-11,Toronto,-8.585686644,-15.83173487,7.068427586,76.64680426,12.14395811
2021-04-12,Toronto,18.63846851,9.114073346,4.737411179,56.84099293,15.81917199
2021-04-13,Toronto,4.146019148,-2.262551055,15.6105103,52.41955471,22.13609708
2021-04-14,Toronto,12.8856811,6.121811237,5.496120711,70.99435771,13.31140393
2021-04-15,Toronto,30.84049133,20.8568136,16.45228637,40.33034795,6.414641404
2021-04-16,Toronto,1.218150312,-7.971104183,8.474765073,40.45984196,14.34802618
2021-04-17,Toronto,8.467231537,-5.681227474,13.35099799,53.14412855,28.61121457
2021-04-18,Toronto,23.99980123,15.37586224,1.910706277,42.20328175,21.04335993
2021-04-19,Toronto,0.295917447,-10.50996606,12.47718649,46.48154525,21.78697872
2021-04-20,Toronto,-6.535904058,-17.85854694,9.035353575,60.33163896,20.80705384
2021-04-21,Toronto,3.038815381,-2.092129185,11.73216926,88.15514077,9.974803474
2021-04-22,Toronto,-2.745042074,-14.38041579,3.360284155,74.3229186,15.4583466
2021-04-23,Toronto,31.83639436,25.05603469,14.7374749,70.76006356,23.77349496
2021-04-24,Toronto,26.36541708,11.75471391,17.25594155,57.60932939,7.534322439
2021-04-25,Toronto,18.50316904,12.01654177,4.334796002,95.90522317,11.9463194
2021-04-26,Toronto,29.21572656,20.06948532,1.91429111,63.82090247,11.90797771
2021-04-27,Toronto,26.16524346,20.31174678,0.472771721,45.22556601,15.80047319
2021-04-28,Toronto,-1.60434735,-16.57308987,12.83943001,77.02399097,29.50921852
2021-04-29,Toronto,30.16515493,20.14320483,12.14188072,46.83030361,6.687563667
2021-04-30,Toronto,14.27040089,3.316550713,10.93394825,60.71338857,17.96752486
2021-05-01,Toronto,26.33480698,20.66404221,4.638941922,70.44471632,9.48411705
2021-05-02,Toronto,30.3241085,17.82450379,7.818119918,92.45335148,29.26691364
2021-05-03,Toronto,4.310156374,-2.788899557,11.8895267,69.61279482,7.832587618
2021-05-04,Toronto,-5.047663396,-19.02820629,9.935337177,82.13552596,15.09002506
2021-05-05,Toronto,0.257082314,-6.79431409,19.7557104,99.56901034,23.44712462
2021-05-06,Toronto,9.219850488,2.312973282,2.728795051,47.88934719,22.6138607
2021-05-07,Toronto,26.81066447,21.44516779,13.90289108,56.48389153,15.56821592
2021-05-08,Toronto,28.73287625,19.0122068,8.086375362,63.67456454,13.6631042
2021-05-09,Toronto,-9.687154126,-20.33556546,8.563992299,65.30969071,14.94030946
2021-05-10,Toronto,12.98362862,7.326542222,14.35195531,64.66126452,11.60690658
2021-05-11,Toronto,8.783495142,-3.971781025,13.84872303,94.45666015,10.13332347
2021-05-12,Toronto,-0.005148529,-9.538036876,19.82511987,82.84195867,17.07599244
2021-05-13,Toronto,-4.60605847,-14.84996116,2.567885789,76.47431285,11.7133439
2021-05-14,Toronto,5.192682713,-4.214944756,2.082192988,58.56236307,12.18654162
2021-05-15,Toronto,32.43093668,23.42330607,14.48677634,89.42742305,21.41890159
2021-05-16,Toronto,4.544131941,-6.052271372,11.56773834,97.30363069,29.21343329
2021-05-17,Toronto,13.34557798,6.793175519,5.483213331,89.27189695,20.09093001
2021-05-18,Toronto,21.63585315,14.81657185,1.58838738,40.09390631,6.924486677
2021-05-19,Toronto,6.363332107,-7.254524103,1.713164992,78.18408221,6.889590346
2021-05-20,Toronto,33.73019372,19.2690391,17.88381749,43.06812289,28.78558052
2021-05-21,Toronto,33.31012827,24.57703511,3.837346494,55.45643322,12.43226976
2021-05-22,Toronto,1.330203312,-6.377243419,6.467431242,43.57148202,7.301674652
2021-05-23,Toronto,12.37618277,0.936187333,4.533128045,76.22772718,19.97611468
2021-05-24,Toronto,3.539523942,-5.547817769,7.099926117,81.19539481,20.59121946
2021-05-25,Toronto,2.817822247,-2.43604131,1.388476855,46.86925828,21.2126205
2021-05-26,Toronto,-8.340087369,-14.90161334,10.38119582,63.03033298,11.6850507
2021-05-27,Toronto,17.43039503,5.270672741,1.352251272,67.37419054,5.377767105
2021-05-28,Toronto,12.62055605,1.031316626,16.00713016,62.14318131,29.12538424
2021-05-29,Toronto,-7.683456194,-12.95441612,4.674241638,47.26150003,11.27232614
2021-05-30,Toronto,2.539090891,-4.680630729,10.80023829,65.13686741,21.9006572
2021-05-31,Toronto,30.87196487,23.5612169,17.60158175,85.07068287,22.66574675
2021-06-01,Toronto,0.78028508,-10.93864236,13.01754738,44.26045987,20.25018543
2021-06-02,Toronto,-3.479730756,-8.676836133,10.65915573,44.81080084,12.82268486
2021-06-03,Toronto,12.02537421,5.984288393,6.486675062,61.28627751,11.77740634
2021-06-04,Toronto,34.35427043,21.35510958,6.660038261,96.5035427,19.94170707
2021-06-05,Toronto,0.892487218,-5.892959403,13.3897391,80.1143588,26.65239084
2021-06-06,Toronto,20.24609963,8.718638555,19.88278722,80.7201974,28.66834322
2021-06-07,Toronto,24.27288269,16.89105488,13.2367838,61.71519945,7.64764511
2021-06-08,Toronto,0.69368948,-5.300724448,11.15566835,75.61964747,8.870715315
2021-06-09,Toronto,22.76973569,15.33801378,14.6130102,40.60787104,28.61840647
2021-06-10,Toronto,6.550240972,-5.672428346,9.304112246,78.16576278,23.41338071
2021-06-11,Toronto,18.45376238,4.896797696,1.202846852,94.79721685,27.07484562
2021-06-12,Toronto,18.50883698,5.206638339,11.24593632,76.7544081,10.06581585
2021-06-13,Toronto,14.10986078,5.138025487,19.15250569,92.42191561,19.68964678
2021-06-14,Toronto,-5.936960348,-17.61781171,3.506058847,83.43838333,22.52848986
2021-06-15,Toronto,27.5886123,20.53876935,13.80009782,47.23350498,22.00279714
2021-06-16,Toronto,4.435102924,-3.496374379,4.018673773,94.14719844,15.20379227
2021-06-17,Toronto,-1.606667032,-15.57002522,10.71655369,43.98663066,5.384872292
2021-06-18,Toronto,-8.16511863,-13.29513787,1.933528993,72.03804835,19.57315142
2021-06-19,Toronto,16.59018244,10.73509713,9.007418725,48.52822743,11.32753848
2021-06-20,Toronto,20.49039628,13.41153373,15.12326658,40.70239664,16.25635615
2021-06-21,Toronto,-9.253547698,-14.51886974,6.951430485,65.32205561,28.93952538
2021-06-22,Toronto,13.04418762,6.229833273,13.29823449,57.70244246,14.97588294
2021-06-23,Toronto,0.192309884,-10.63810573,15.90899922,69.16002963,25.99504017
2021-06-24,Toronto,19.03277557,9.818530063,18.54355639,74.6319932,9.713515144
2021-06-25,Toronto,-2.153510695,-16.08022781,4.692841637,42.62434434,21.81151245
2021-06-26,Toronto,21.09219821,7.917762597,7.986318316,47.38019771,29.42517386
2021-06-27,Toronto,7.403090584,-1.015082933,3.048320267,73.51854379,7.547327522
2021-06-28,Toronto,32.15284949,24.55861516,19.84967004,60.59004119,5.207998556
2021-06-29,Toronto,-3.811557513,-12.6084816,18.54001936,83.75040925,15.83956982
2021-06-30,Toronto,5.347985797,-5.554963628,10.79914261,79.13749892,7.315637076
2021-07-01,Toronto,-4.893691544,-12.57432795,16.84066589,90.73626178,23.70960874
2021-07-02,Toronto,31.61121282,20.36972374,10.41915955,81.5495696,27.8637166
2021-07-03,Toronto,29.4802709,20.38615438,12.47171376,65.79586464,15.85052432
2021-07-04,Toronto,1.607373247,-8.913098561,1.782488642,80.37799734,11.46779105
2021-07-05,Toronto,19.69928207,10.33801678,15.10540841,56.52287046,15.86008298
2021-07-06,Toronto,26.77499901,18.83034141,2.554269673,58.37880993,23.08619545
2021-07-07,Toronto,14.98403652,0.499503452,16.52135261,87.3391096,5.22635404
2021-07-08,Toronto,13.83427603,1.198218084,15.64056175,66.78517098,19.73634974
2021-07-09,Toronto,0.883353091,-5.517778667,14.17489395,87.90282043,20.33229212
2021-07-10,Toronto,-5.810375449,-19.49505521,0.72320761,89.34534242,20.94220617
2021-07-11,Toronto,30.37470911,20.50039713,6.062567119,91.45374026,11.050552
2021-07-12,Toronto,30.51881257,16.5732903,5.262251398,94.99811415,22.85131808
2021-07-13,Toronto,18.48956558,5.491013018,7.202728149,65.85911323,7.284787158
2021-07-14,Toronto,5.256340597,-3.995794448,1.752854935,59.1320091,9.981758412
2021-07-15,Toronto,5.714430858,0.489737774,18.73915646,74.9319248,26.93675117
2021-07-16,Toronto,22.66800555,14.98123196,11.07604481,62.27034541,23.46807877
2021-07-17,Toronto,30.3699617,19.95361955,6.110486213,76.06445001,5.34363885
2021-07-18,Toronto,29.91888909,18.58410689,7.939630341,82.33515176,11.20940651
2021-07-19,Toronto,25.09439956,17.51552271,8.94405081,81.30430111,10.36016207
2021-07-20,Toronto,18.89142408,12.49786334,12.01188667,62.47317322,11.7701582
2021-07-21,Toronto,-6.213701575,-19.56300394,10.31358855,50.0116121,11.18899426
2021-07-22,Toronto,-2.726707866,-17.57072967,18.38783946,65.83176031,6.563157394
2021-07-23,Toronto,30.43493848,20.17803666,9.939269658,48.55564864,16.47351291
2021-07-24,Toronto,17.28930768,10.57251483,19.8431603,93.40582211,23.31833687
2021-07-25,Toronto,-9.586132677,-17.30920594,17.02849915,60.75264764,20.16829312
2021-07-26,Toronto,-5.433780571,-10.61768734,4.170210287,49.26758483,21.82179171
2021-07-27,Toronto,19.85757961,5.714591544,18.61190429,41.52686559,7.028729463
2021-07-28,Toronto,-9.772228727,-15.94973956,2.327327958,78.74934318,28.78726775
2021-07-29,Toronto,-2.763637686,-13.52880244,16.34899417,78.21413905,25.96229585
2021-07-30,Toronto,14.69302052,6.952468315,7.61246587,60.43624999,25.12725796
2021-07-31,Toronto,21.1352839,10.59350387,17.55948641,44.30271333,25.57459513
2021-08-01,Toronto,19.33825668,7.824052794,17.3611338,64.57773369,28.3177627
2021-08-02,Toronto,0.092118926,-13.20529911,16.118508,58.6730497,18.60634915
2021-08-03,Toronto,22.04806496,14.98385224,15.80060873,80.62723838,10.00705045
2021-08-04,Toronto,0.676208937,-4.433749349,6.093582782,76.34675497,20.4195902
2021-08-05,Toronto,4.642986417,-1.725869884,1.618385661,61.87562369,23.57203734
2021-08-06,Toronto,23.59211323,9.591926812,8.059603575,53.07355326,23.44793483
2021-08-07,Toronto,19.23348046,5.494579681,3.4704903,99.28215797,18.0362256
2021-08-08,Toronto,28.21505347,17.24092245,13.89902178,67.24009727,6.711467983
2021-08-09,Toronto,19.59258015,8.587411549,6.921994531,81.29645415,14.27782346
2021-08-10,Toronto,15.57388715,3.923520405,19.51220402,48.43317805,28.01916521
2021-08-11,Toronto,-5.784635448,-12.53834823,12.81944155,69.13538198,19.61122274
2021-08-12,Toronto,6.547211138,-7.596908322,16.44961127,41.65220319,18.45829858
2021-08-13,Toronto,1.934106546,-7.253598703,2.650493455,70.32730707,11.72133786
2021-08-14,Toronto,0.979533952,-7.85185133,17.24028965,97.84104443,14.211223
2021-08-15,Toronto,33.78547496,23.59629791,18.45514381,63.05240278,27.38365223
2021-08-16,Toronto,7.68939761,2.219737942,9.741238376,42.33976075,21.66157619
2021-08-17,Toronto,30.14209498,23.4792613,12.12505876,41.85734746,24.68467567
2021-08-18,Toronto,18.40123817,6.020902006,15.29619602,63.2792056,16.35863558
2021-08-19,Toronto,25.76650866,19.93852198,3.496772545,49.60149619,20.75618049
2021-08-20,Toronto,12.61866919,1.587148095,10.05132153,41.40112578,11.20959022
2021-08-21,Toronto,15.96067481,8.507183711,7.973260555,85.37281684,22.63652076
2021-08-22,Toronto,12.16329622,3.270340081,2.927479843,67.51138053,15.69003334
2021-08-23,Toronto,-1.214065549,-9.101002917,7.350688446,57.35468632,16.06363787
2021-08-24,Toronto,22.51034519,13.95361802,1.363446188,94.00499098,21.23305811
2021-08-25,Toronto,2.63475631,-9.555702742,0.516238139,46.96833761,28.40701554
2021-08-26,Toronto,-8.905781511,-16.87699867,2.703325783,97.35512974,6.600158665
2021-08-27,Toronto,19.04625332,8.382206913,19.26230223,58.83800304,25.61858093
2021-08-28,Toronto,-2.030019427,-11.79052345,10.99059072,93.30422034,12.30957776
2021-08-29,Toronto,32.3206363,20.68392464,19.31644322,76.17657259,16.09798636
2021-08-30,Toronto,32.92678597,18.55848857,8.649957567,89.60244158,5.547833219
2021-08-31,Toronto,31.16889756,18.84317659,6.236322662,99.04078979,12.52615195
2021-09-01,Toronto,6.657141511,-0.492262274,10.12283726,57.30432627,17.56578107
2021-09-02,Toronto,-9.304452256,-14.61628361,8.790233773,97.66812912,6.404401934
2021-09-03,Toronto,31.77433532,24.15169487,2.113293685,63.36891369,17.27739323
2021-09-04,Toronto,9.268286674,-1.682492633,12.81652629,63.13071428,28.17776572
2021-09-05,Toronto,33.49946686,27.98520872,4.32076365,60.42322626,7.634830453
2021-09-06,Toronto,33.36289897,23.3992365,12.3917591,72.48445644,24.1110182
2021-09-07,Toronto,28.3854255,17.41699701,13.00402185,49.24870259,15.24177633
2021-09-08,Toronto,3.250200143,-5.092238765,3.040497063,73.22268912,21.37934286
2021-09-09,Toronto,7.329397787,-5.37972425,1.226992542,72.50228874,11.50591495
2021-09-10,Toronto,28.30115022,22.23516769,15.61523172,85.71410876,8.987306564
2021-09-11,Toronto,4.261490232,-1.489887585,9.196008475,90.01899772,9.011565357
2021-09-12,Toronto,-2.372826399,-14.65471396,1.16327591,66.42648102,6.762298641
2021-09-13,Toronto,15.05605681,5.101143649,19.89732634,58.13999496,9.641167623
2021-09-14,Toronto,32.12696484,20.24294087,1.15561122,55.56009384,21.60548462
2021-09-15,Toronto,21.32134085,11.97306746,13.90070458,51.6774302,27.0422653
2021-09-16,Toronto,15.65275265,8.188732322,19.67357851,43.45885493,25.35314214
2021-09-17,Toronto,-5.62705778,-18.81808096,4.783602084,60.54687873,22.12835775
2021-09-18,Toronto,17.6753252,4.681166412,2.844987374,56.21486153,7.760796585
2021-09-19,Toronto,34.55242325,22.60545855,2.427698788,97.98504315,12.22968616
2021-09-20,Toronto,-3.696219314,-11.41767069,6.065502951,73.46252958,12.74517188
2021-09-21,Toronto,13.32483436,2.422527688,2.02091622,60.83662234,11.24892366
2021-09-22,Toronto,29.48178824,20.87204927,13.84322683,74.82805606,17.87514149
2021-09-23,Toronto,23.3345878,17.41876707,1.245835963,48.35180208,18.38884537
2021-09-24,Toronto,21.36570834,7.19257259,10.18844256,66.64262495,13.92214938
2021-09-25,Toronto,21.61178378,15.24359747,19.93393708,77.57405929,13.84472897
2021-09-26,Toronto,6.177101805,-8.325271733,16.27940539,69.33386991,25.71388995
2021-09-27,Toronto,3.211632992,-6.248424738,12.30438876,64.10672804,24.73232121
2021-09-28,Toronto,26.421252,19.56992271,6.125072416,99.63090333,12.69489579
2021-09-29,Toronto,26.45510276,16.03609329,12.47791673,92.81888573,27.8447111
2021-09-30,Toronto,29.01825434,15.28879598,10.54082928,77.40435749,28.82037543
2021-10-01,Toronto,31.09582487,18.773576,8.521667678,74.16264167,13.16856355
2021-10-02,Toronto,13.01040795,-0.05520353,2.614207535,77.23962879,13.86062372
2021-10-03,Toronto,12.56823326,0.980399594,17.7320843,52.07872647,17.64085384
2021-10-04,Toronto,25.92328305,14.00051741,8.995692976,63.7082646,28.52802031
2021-10-05,Toronto,19.24837688,5.756420369,3.892450236,42.36757197,26.90798583
2021-10-06,Toronto,21.58850948,14.09182939,7.355187018,68.53276225,7.564199065
2021-10-07,Toronto,25.81067012,15.91642049,8.282595051,72.58147504,14.81826858
2021-10-08,Toronto,30.05024038,22.83814596,16.55075791,53.66498417,18.83427974
2021-10-09,Toronto,5.209782058,-9.666898022,14.67228761,97.84173083,17.57831181
2021-10-10,Toronto,6.901232869,-7.539360528,15.38609787,94.56727666,9.846576698
2021-10-11,Toronto,-5.770812707,-11.16508082,0.220625289,83.32859413,26.47041928
2021-10-12,Toronto,16.02260634,3.96685462,8.323079964,72.00319773,21.92351957
2021-10-13,Toronto,-8.382597679,-22.63508085,9.626883033,92.19814958,25.94770937
2021-10-14,Toronto,10.95191082,4.146157365,0.383845536,47.83914063,26.46910698
2021-10-15,Toronto,14.41900856,3.739556256,5.196264175,87.43058766,23.70889634
2021-10-16,Toronto,2.894356346,-11.26052663,15.20579646,47.48924884,15.98026503
2021-10-17,Toronto,16.58749673,11.24803694,2.742194115,87.65263975,20.26366888
2021-10-18,Toronto,-8.627488753,-20.60169143,10.70620263,56.5460541,9.009135153
2021-10-19,Toronto,-8.319331506,-16.29282158,4.30403744,92.62543486,21.84113544
2021-10-20,Toronto,27.01702523,12.77306328,0.242415493,96.64252563,9.481331393
2021-10-21,Toronto,6.208578864,-8.502003588,4.824029152,48.92775816,22.34873976
2021-10-22,Toronto,-4.282276931,-18.72494182,19.5174751,67.7605363,10.73995402
2021-10-23,Toronto,13.5009467,3.758804536,16.03074224,98.85924269,7.938782504
2021-10-24,Toronto,24.64970989,11.02928338,19.19153289,69.00444616,9.132112254
2021-10-25,Toronto,-0.288053763,-13.73354775,9.757080879,91.81285135,5.04980338
2021-10-26,Toronto,18.03007141,9.839066679,2.194723974,75.32389133,22.96849045
2021-10-27,Toronto,-6.159364075,-19.44851882,10.95918978,62.51979448,23.31002623
2021-10-28,Toronto,-7.674322547,-13.04439889,9.087546691,57.14701333,17.87333375
2021-10-29,Toronto,13.91095842,2.948259636,16.88714165,52.19338547,9.034070026
2021-10-30,Toronto,14.32858047,7.0284921,1.961651616,85.70789148,7.088858438
2021-10-31,Toronto,18.68434557,12.47867671,9.76482274,63.19243041,5.478224161
2021-11-01,Toronto,22.67411002,16.904578,3.000973294,70.67652773,9.143704424
2021-11-02,Toronto,33.91334358,21.95045582,6.493518538,69.5395288,27.27138837
2021-11-03,Toronto,13.23351567,4.834766036,14.74714155,74.63674175,11.03842104
2021-11-04,Toronto,4.533041282,-7.714626433,9.520362587,91.93462874,13.85678318
2021-11-05,Toronto,25.78337876,20.12981536,7.517765703,98.84436062,7.633637112
2021-11-06,Toronto,2.187451307,-5.965452072,7.889525571,64.45505251,10.55903262
2021-11-07,Toronto,9.753713932,-0.641198992,9.188935368,89.65113533,17.98061427
2021-11-08,Toronto,-6.46946284,-19.37669449,15.70033088,85.87166768,20.19381708
2021-11-09,Toronto,-8.859216546,-17.04674158,17.84169378,74.41173709,11.13380785
2021-11-10,Toronto,33.31917866,22.0602649,19.10669373,97.36282862,6.443303981
2021-11-11,Toronto,27.61910542,13.75932794,15.73806773,52.02847093,14.77582173
2021-11-12,Toronto,21.31883927,10.16020739,6.308137915,46.55585262,10.85508427
2021-11-13,Toronto,8.402882499,1.073287751,13.76269412,91.23771802,10.48884808
2021-11-14,Toronto,-2.201755597,-7.445763412,8.752062481,66.348989,28.99657007
2021-11-15,Toronto,-2.96033308,-16.66132182,5.093412441,90.81813125,20.40751215
2021-11-16,Toronto,1.260930417,-3.951763691,16.81743159,93.58541231,18.92196108
2021-11-17,Toronto,14.71519991,0.968183185,0.768526979,43.74745562,15.39437759
2021-11-18,Toronto,22.15681652,11.86744518,18.03523984,93.00788578,15.72360834
2021-11-19,Toronto,19.70888195,5.318204967,9.229549292,66.89914332,18.5226251
2021-11-20,Toronto,2.597025363,-10.390807,12.74402954,70.62594934,22.41074518
2021-11-21,Toronto,32.96893763,17.98959652,13.18707844,77.59555067,22.5536524
2021-11-22,Toronto,23.20536125,14.6982431,17.90235481,95.5829564,9.292347693
2021-11-23,Toronto,14.94593236,2.274049474,12.73339364,41.14696567,17.5028188
2021-11-24,Toronto,17.52743358,8.508124444,12.2786717,68.6106081,15.29895238
2021-11-25,Toronto,8.882002809,-0.916753394,1.333040811,81.26332255,26.76317416
2021-11-26,Toronto,1.147894528,-10.1271601,10.36816044,83.36241746,20.78547303
2021-11-27,Toronto,6.018770539,-7.718000603,3.003380016,81.55194589,18.31260166
2021-11-28,Toronto,24.10307497,9.262240279,14.74867537,48.06610776,7.884866054
2021-11-29,Toronto,-9.352293012,-22.03502715,10.24443842,57.9637353,20.14094723
2021-11-30,Toronto,-4.776731177,-13.954399,13.60455558,61.52293153,7.930097642
2021-12-01,Toronto,-7.929881109,-17.14345113,0.833458012,88.26623246,13.43016439
2021-12-02,Toronto,-8.167203896,-20.54302691,1.695840321,56.72559234,8.57104912
2021-12-03,Toronto,28.49572628,21.10795482,14.32646776,52.64229783,22.30184118
2021-12-04,Toronto,21.66460367,15.55986254,1.44168672,97.44688114,10.15630285
2021-12-05,Toronto,11.33782231,2.791600733,1.425134555,40.53179711,14.79648433
2021-12-06,Toronto,-5.597462771,-13.46985269,0.242169505,99.86925134,27.39186944
2021-12-07,Toronto,12.12271438,4.159633176,19.13002797,80.60927793,10.10790958
2021-12-08,Toronto,11.30622969,3.970152175,14.75016719,89.70815797,17.6951266
2021-12-09,Toronto,-2.205915854,-7.62684775,7.06502817,57.67716378,15.48179153
2021-12-10,Toronto,9.523324216,4.344584868,5.930711626,40.85891666,5.453101026
2021-12-11,Toronto,7.932713048,-6.944510849,6.994064595,84.27217111,24.81895284
2021-12-12,Toronto,17.71325441,8.435523075,15.49307062,90.04867582,6.726147658
2021-12-13,Toronto,18.57921429,9.735947817,13.22741222,84.42856792,16.85637552
2021-12-14,Toronto,-7.96131956,-19.75779239,3.703911357,48.57101724,19.01695737
2021-12-15,Toronto,6.857567658,-0.32497122,3.482186707,85.20567534,20.71066142
2021-12-16,Toronto,18.16369621,3.664084368,1.967912994,86.13536693,22.21579073
2021-12-17,Toronto,12.64113164,-0.222318508,13.20605439,79.51243094,11.33180959
2021-12-18,Toronto,28.54204285,22.64793283,15.28745324,85.96695597,5.249469416
2021-12-19,Toronto,19.64121342,10.46540567,5.300928567,90.75528638,23.08609156
2021-12-20,Toronto,-2.667950781,-16.45913386,0.418899221,76.81624685,18.39141498
2021-12-21,Toronto,-6.824406367,-21.27172659,1.64343335,45.31628284,25.90294258
2021-12-22,Toronto,18.90886752,9.234852407,19.3572007,69.25766858,25.53470907
2021-12-23,Toronto,-8.806991026,-19.94110492,5.90889555,44.65896008,26.08315419
2021-12-24,Toronto,16.35990116,9.689561696,15.38446296,64.45258186,17.1273665
2021-12-25,Toronto,32.31036086,17.3986746,12.49327138,64.42638935,13.3407099
2021-12-26,Toronto,15.896338,8.579620991,7.638792793,43.96059065,24.78895506
2021-12-27,Toronto,7.467646679,-6.959671062,4.113745244,60.92923204,16.28235283
2021-12-28,Toronto,18.94796983,7.45150334,2.427728363,46.65988593,9.58605491
2021-12-29,Toronto,10.62138007,-0.455987877,12.30025936,88.4941126,26.37435049
2021-12-30,Toronto,14.55275552,4.425870409,15.49267561,96.86128156,27.06399692
2021-12-31,Toronto,32.36591639,25.05921828,12.87808507,44.33898852,16.6577439
2022-01-01,Toronto,7.374618701,0.609338381,10.60604266,97.30691244,6.892493183
2022-01-02,Toronto,33.25357537,26.04871328,0.839024469,71.35459596,14.69565225
2022-01-03,Toronto,30.74077889,23.87639627,19.36977555,57.97394068,25.08844149
2022-01-04,Toronto,-1.189398934,-13.98524367,15.97428383,44.61172452,27.54435071
2022-01-05,Toronto,-6.878741461,-15.37999405,5.856440734,70.03745608,10.08681856
2022-01-06,Toronto,-5.464989938,-11.0434167,19.59940659,87.67093267,6.674340301
2022-01-07,Toronto,-9.180017846,-23.87104415,12.03763179,82.42518864,26.93376133
2022-01-08,Toronto,-5.750066766,-19.58792562,11.64845316,43.01356069,14.73512347
2022-01-09,Toronto,20.7353048,6.457781972,14.96146359,44.37411012,18.54402411
2022-01-10,Toronto,-6.796510819,-21.74558905,16.23539576,64.17239696,29.2016453
2022-01-11,Toronto,4.353903363,-2.385049129,13.12957215,57.71742964,6.664118198
2022-01-12,Toronto,28.01938899,19.0569688,2.561914927,53.94305938,21.20795019
2022-01-13,Toronto,-8.952762892,-21.53514765,6.76535012,56.86026993,6.852635564
2022-01-14,Toronto,26.65108172,14.69087554,18.56167281,88.2089646,14.38672321
2022-01-15,Toronto,2.683464865,-3.855494199,4.492312237,95.75368322,25.09536363
2022-01-16,Toronto,-4.682582757,-17.84091401,7.443340477,64.30616167,15.83680582
2022-01-17,Toronto,21.35317244,14.10876672,8.641537659,94.36666013,29.92955885
2022-01-18,Toronto,18.30242811,11.06425196,8.788099794,59.28974207,18.97648212
2022-01-19,Toronto,29.48624061,19.11649638,12.25879165,68.58621918,13.02905382
2022-01-20,Toronto,23.07819697,12.14879762,18.86151675,53.56173987,10.50278315
2022-01-21,Toronto,26.15664187,15.35577979,4.813854237,78.42856253,13.76301336
2022-01-22,Toronto,2.691555766,-3.223312608,2.430027526,98.73886691,14.31333184
2022-01-23,Toronto,-2.01522053,-15.78982916,3.949409797,76.20958576,6.717841943
2022-01-24,Toronto,23.77766382,16.1216634,17.738498,61.46884505,14.23935499
2022-01-25,Toronto,26.30756327,20.01241405,12.91621625,78.86904676,16.60596299
2022-01-26,Toronto,34.57273139,20.68525059,5.718135785,47.37524071,23.06844381
2022-01-27,Toronto,8.567795461,-5.988719521,16.31893878,93.31954482,21.41823712
2022-01-28,Toronto,6.740813861,-6.880462312,17.22739993,70.18503705,22.71914138
2022-01-29,Toronto,24.93858323,11.84342249,16.93028677,66.96098452,5.209092047
2022-01-30,Toronto,5.336159311,-6.216260495,18.37853067,75.15188731,10.44168499
2022-01-31,Toronto,31.88407965,21.37550595,5.044820403,77.48703177,21.54210721
2022-02-01,Toronto,28.62857383,22.75870623,15.10083857,44.30654837,17.0997342
2022-02-02,Toronto,9.304731232,0.220199101,9.210789945,80.95703327,5.132836892
2022-02-03,Toronto,23.78919805,15.06231288,16.83997106,54.51590082,25.11236606
2022-02-04,Toronto,23.95442933,16.3568915,14.56981354,82.83715795,24.32023933
2022-02-05,Toronto,-5.359425902,-17.59362704,15.52894893,89.35208766,18.71047907
2022-02-06,Toronto,30.6148808,20.65612345,13.12323675,88.23751045,6.661583144
2022-02-07,Toronto,12.73635676,6.925894601,3.548575389,73.15005804,24.16287624
2022-02-08,Toronto,27.19058597,19.98875396,10.90053838,71.21019354,19.59283969
2022-02-09,Toronto,4.402232046,-7.43035559,19.69339479,48.57255768,24.54899943
2022-02-10,Toronto,30.29854528,24.53723669,18.74776133,86.52076902,23.79367481
2022-02-11,Toronto,7.514075543,-5.997993597,0.863474716,56.28456283,25.0750518
2022-02-12,Toronto,-9.512305683,-19.46377095,3.296296315,69.80172537,17.95020166
2022-02-13,Toronto,30.74218894,20.93632317,2.634575469,57.05644558,8.508112955
2022-02-14,Toronto,-5.892099545,-16.81617739,14.5195982,48.02970178,21.77893683
2022-02-15,Toronto,4.369113692,-8.877695968,16.3557066,77.77346181,20.51184463
2022-02-16,Toronto,32.75278852,24.27469644,4.270227326,43.25992209,23.55632968
2022-02-17,Toronto,32.77732161,20.99716009,10.11705386,84.91871405,9.247025151
2022-02-18,Toronto,15.80470497,5.147385326,16.81406056,59.05520772,9.874379998
2022-02-19,Toronto,18.43267455,10.76239185,14.6560309,40.00808158,27.26023793
2022-02-20,Toronto,10.18004849,-3.606251375,10.84474411,70.66774835,23.74944496
2022-02-21,Toronto,3.194484726,-9.77977549,11.80695381,42.81111451,27.70571222
2022-02-22,Toronto,4.789904542,-6.794613805,10.16721094,56.57017347,23.96788303
2022-02-23,Toronto,20.26333052,6.757513233,5.950969026,82.41858925,19.92888265
2022-02-24,Toronto,23.85685382,10.18391182,11.30043986,43.7613773,21.35331843
2022-02-25,Toronto,25.62105697,13.5374272,13.77770604,90.36030954,27.2281981
2022-02-26,Toronto,25.53281643,12.16268314,17.46645832,40.22919536,19.47016886
2022-02-27,Toronto,-5.895725363,-17.87043998,12.72582708,54.80943215,20.80978311
2022-02-28,Toronto,12.24891371,0.447505994,15.22243074,84.45424337,8.9119179
2022-03-01,Toronto,-7.409855799,-18.59596958,3.201432699,58.97620898,16.8480305
2022-03-02,Toronto,14.7287997,2.201633309,9.231149488,46.11354328,22.9099278
2022-03-03,Toronto,9.868872562,3.282821509,0.186632397,61.61403513,11.77356746
2022-03-04,Toronto,29.94668822,16.13798063,4.93357729,56.22359718,10.05635451
2022-03-05,Toronto,5.791175565,-7.927259713,14.5292343,90.56271413,12.84567021
2022-03-06,Toronto,-4.731984261,-10.02445709,19.83619903,58.80087506,11.0375157
2022-03-07,Toronto,-3.565374308,-16.82354181,1.983561992,87.33594831,10.37281593
2022-03-08,Toronto,24.26797843,17.97927975,8.029886317,93.51232869,15.62127107
2022-03-09,Toronto,17.81981285,9.468624307,16.00141937,66.02904517,27.69596285
2022-03-10,Toronto,-5.449479574,-17.88456214,4.080712693,94.59658863,17.67649117
2022-03-11,Toronto,-6.215193725,-12.82279269,11.10169899,62.63908324,9.69800952
2022-03-12,Toronto,21.54361092,8.363940674,14.66142592,97.84470499,6.924291735
2022-03-13,Toronto,-6.725664714,-20.04700649,12.31970901,45.35737147,22.40390363
2022-03-14,Toronto,26.98370267,16.90902533,3.760494692,81.22115599,14.56996911
2022-03-15,Toronto,21.78090022,16.7170415,7.107691374,69.62884243,25.54577366
2022-03-16,Toronto,-6.339304871,-14.2096862,15.67583569,63.25892833,21.48776922
2022-03-17,Toronto,-6.182302866,-17.35157205,11.08453028,77.96271272,24.90603626
2022-03-18,Toronto,34.39878103,19.58691925,0.104592271,82.2314255,11.79865099
2022-03-19,Toronto,6.842185809,-4.475949461,15.2198152,40.26179618,22.30897306
2022-03-20,Toronto,6.678896618,-0.919139193,0.706227099,50.01718532,11.60154962
2022-03-21,Toronto,26.57598053,15.2359235,14.91467565,82.78276304,28.47671199
2022-03-22,Toronto,32.62618598,22.22633219,4.049611203,79.98312481,20.90935704
2022-03-23,Toronto,34.37004787,21.57159392,19.1614696,97.96285031,13.112795
2022-03-24,Toronto,23.90201834,17.83221195,7.358815026,85.66226742,11.73779656
2022-03-25,Toronto,6.931681349,-5.678597676,6.538632327,97.04636246,9.773164627
2022-03-26,Toronto,-6.242467749,-16.65513354,2.977761007,82.15243009,22.36602397
2022-03-27,Toronto,24.97161122,10.34169118,6.11208431,57.88313252,10.46789032
2022-03-28,Toronto,15.12819124,6.709469578,17.53301524,46.32189534,19.88258165
2022-03-29,Toronto,9.089990416,-2.236228515,19.92668675,86.9094318,11.61587567
2022-03-30,Toronto,30.78594733,16.46566627,7.36619061,78.64895329,21.54922362
2022-03-31,Toronto,-4.996113296,-11.02121058,8.972212619,42.89116074,25.37349321
2022-04-01,Toronto,12.16812969,-2.204155179,14.44141876,61.60302795,24.45063108
2022-04-02,Toronto,-9.489085985,-21.36794321,17.72391561,97.40798893,24.02128327
2022-04-03,Toronto,11.08972889,5.411358299,11.86088668,70.02406874,9.693060142
2022-04-04,Toronto,-7.466352594,-15.47598826,7.830513964,65.96374816,7.209623675
2022-04-05,Toronto,-4.653193768,-16.73491465,8.252436817,67.46197631,22.47372071
2022-04-06,Toronto,-4.711318895,-10.38482491,13.91236293,52.53296344,14.20868034
2022-04-07,Toronto,19.2144636,8.392758993,0.064365272,62.12243025,15.80865566
2022-04-08,Toronto,23.57201957,15.113189,12.39178675,62.18879536,5.77872732
2022-04-09,Toronto,16.25159443,5.042439252,7.109860209,43.14130121,11.48941123
2022-04-10,Toronto,33.29776468,27.84034434,15.88394663,86.05405771,5.841910097
2022-04-11,Toronto,6.869176079,-6.846191983,1.859812796,64.99026591,26.97964432
2022-04-12,Toronto,2.857043883,-11.87784581,11.76404534,89.33079321,11.08491708
2022-04-13,Toronto,29.08696077,14.39818222,9.619457798,91.02088007,18.93342924
2022-04-14,Toronto,0.061812733,-12.43470558,12.84651052,52.71964328,5.974483017
2022-04-15,Toronto,33.34501427,27.04415187,1.29707189,79.44120893,21.67118478
2022-04-16,Toronto,-9.453048639,-22.0356806,11.59967575,68.33690825,13.07568364
2022-04-17,Toronto,33.6445472,28.39867804,11.22969176,92.80940428,27.44797967
2022-04-18,Toronto,-8.057803962,-13.27903948,11.21320189,52.94444075,27.20295472
2022-04-19,Toronto,30.10144012,21.86533792,12.06975333,80.66879202,13.13226546
2022-04-20,Toronto,13.74654991,3.860118005,13.52935874,76.46512734,27.52402239
2022-04-21,Toronto,34.68341583,21.97934165,16.09977999,57.71808865,29.90394184
2022-04-22,Toronto,-6.679154587,-18.51210835,5.396414403,48.19605422,25.6353916
2022-04-23,Toronto,14.9234428,5.464415734,16.5009882,79.09838563,26.12178369
2022-04-24,Toronto,33.6186141,25.88234744,9.965113645,84.31584749,11.2252184
2022-04-25,Toronto,13.53940299,-1.431842014,1.541165583,58.93764063,19.41755997
2022-04-26,Toronto,18.32293872,9.061125694,1.171018585,78.68995624,6.681397849
2022-04-27,Toronto,21.308691,11.79482076,6.684766374,63.70785446,7.372948421
2022-04-28,Toronto,10.45434791,3.818109703,15.69793954,82.792413,29.9723153
2022-04-29,Toronto,18.2401136,5.292018116,14.15361869,51.95291649,13.16598124
2022-04-30,Toronto,16.29414404,4.357321779,15.77229929,93.41290016,23.7045978
2022-05-01,Toronto,30.55211047,23.34441434,10.34538113,57.24457579,25.16662633
2022-05-02,Toronto,-7.954912885,-13.77872334,8.803979959,62.06715927,26.45058178
2022-05-03,Toronto,2.643343532,-9.161649489,2.949050534,43.48551712,29.94070744
2022-05-04,Toronto,32.76851678,21.22340464,6.563855072,46.69073274,11.03741213
2022-05-05,Toronto,30.06187028,22.32927501,8.680387323,70.95171416,6.008770671
2022-05-06,Toronto,10.50455388,-4.004081747,1.772008594,56.0555606,15.27978795
2022-05-07,Toronto,17.9059669,11.39538798,4.412239054,90.12881354,8.252016746
2022-05-08,Toronto,2.482153234,-6.841194776,11.96450588,40.88160332,5.560647229
2022-05-09,Toronto,-1.534547812,-15.97070701,14.71326228,62.74564292,14.01067068
2022-05-10,Toronto,10.86642822,1.669155053,19.96695023,60.24073281,24.59345628
2022-05-11,Toronto,5.900850261,-5.484409215,18.66226663,41.15965786,19.15451728
2022-05-12,Toronto,16.26452503,7.288581054,12.85130399,47.46210394,12.81944973
2022-05-13,Toronto,-6.501941337,-14.24409336,8.424961066,64.8185605,21.35855014
2022-05-14,Toronto,33.84776634,19.00798987,12.72354729,69.57187507,10.80045451
2022-05-15,Toronto,34.3794835,25.28614344,15.71303236,64.25738484,5.359536152
2022-05-16,Toronto,21.41727713,7.476285094,2.366723818,71.8562607,24.10883466
2022-05-17,Toronto,14.12433649,6.824790427,8.198097794,75.70790049,20.59357712
2022-05-18,Toronto,3.928742733,-3.202304307,16.79604571,40.59542927,24.05756561
2022-05-19,Toronto,26.62077589,21.30943506,7.676659039,67.84570957,5.973450417
2022-05-20,Toronto,20.81290276,9.296234511,11.43744542,97.80995445,25.9279907
2022-05-21,Toronto,-2.682237729,-11.36750117,11.75538722,71.14193681,20.488155
2022-05-22,Toronto,30.9917233,17.3481408,3.689525063,80.65253605,19.08488377
2022-05-23,Toronto,27.01417593,17.28207686,7.244708833,58.71183148,20.6153512
2022-05-24,Toronto,32.7409961,18.05906182,6.690225775,86.43948269,26.61083117
2022-05-25,Toronto,22.65737788,15.80212272,0.523934171,86.37528891,19.67341266
2022-05-26,Toronto,17.60368382,3.917452138,0.483835278,71.27776286,19.5237595
2022-05-27,Toronto,8.820936633,-3.945031895,16.63394087,98.5608294,29.76697893
2022-05-28,Toronto,31.97278175,19.2635633,5.461416199,47.53301289,23.91825418
2022-05-29,Toronto,28.97287503,15.52504275,10.36157532,41.01685989,16.05734514
2022-05-30,Toronto,-7.965159845,-20.57539975,5.974511472,86.20949271,22.684925
2022-05-31,Toronto,-8.813486148,-20.07568936,18.8135849,88.42933224,14.73076179
2022-06-01,Toronto,6.94085151,0.628402733,5.185935177,47.21243375,10.72188656
2022-06-02,Toronto,26.47489989,21.14963809,8.593136255,55.93496998,19.92129692
2022-06-03,Toronto,34.42742582,20.21894734,17.45460501,41.0531418,28.20455245
2022-06-04,Toronto,-3.2312399,-14.39774305,16.83867134,57.59851665,28.228488
2022-06-05,Toronto,16.73588219,3.770509281,3.722028357,86.38851244,13.54763195
2022-06-06,Toronto,7.140088548,-2.675134967,16.0528662,71.07763166,18.19193666
2022-06-07,Toronto,33.6461479,27.47306601,9.163737735,60.88573559,10.29089746
2022-06-08,Toronto,27.89535154,21.64349362,9.659377442,62.30435769,29.89077774
2022-06-09,Toronto,27.72479171,15.86913884,2.669599448,40.08121754,29.5279477
2022-06-10,Toronto,11.09119219,1.788133242,1.612030275,57.98803165,21.23772324
2022-06-11,Toronto,8.666877605,1.661630338,14.55878614,78.7875245,25.11035149
2022-06-12,Toronto,2.303318237,-7.612627231,9.929223047,98.45166663,22.87750403
2022-06-13,Toronto,-7.463102651,-13.10519202,8.737014052,90.82364962,19.82895548
2022-06-14,Toronto,28.91250693,18.09279291,14.59016457,41.41569788,6.333699925
2022-06-15,Toronto,26.58054541,18.89061137,15.31025798,93.91363628,16.36910856
2022-06-16,Toronto,34.9872953,22.01170429,3.178163353,86.9919048,21.86965755
2022-06-17,Toronto,34.84865767,26.74503808,12.20450299,86.82256741,21.93829035
2022-06-18,Toronto,14.99442675,5.442225261,2.707081646,67.47974554,14.32806546
2022-06-19,Toronto,24.60443368,19.48822828,15.02750172,63.88031758,28.54229967
2022-06-20,Toronto,32.51445784,26.78998897,13.13910313,58.17494373,9.183925806
2022-06-21,Toronto,28.23413258,19.30919702,19.13229242,43.94169154,17.50898616
2022-06-22,Toronto,1.130664578,-8.668723769,1.379160327,53.69412181,22.27209941
2022-06-23,Toronto,10.27448609,-0.725719392,1.141094423,54.7962181,22.42839515
2022-06-24,Toronto,-4.187826318,-12.10445211,5.643741494,69.04462418,21.21597392
2022-06-25,Toronto,32.93229623,20.98247737,5.234113675,84.8466644,11.88220534
2022-06-26,Toronto,17.27785855,3.676634578,4.939575981,68.4285897,8.905164217
2022-06-27,Toronto,0.288926248,-12.50958364,18.12509161,43.47066697,20.89850817
2022-06-28,Toronto,20.2265308,14.83034254,4.990923997,97.46738806,19.9825529
2022-06-29,Toronto,17.81577082,8.010701348,5.438994523,96.56345915,9.483900257
2022-06-30,Toronto,6.117322311,0.068020527,15.18796525,87.11137259,22.62847864
2022-07-01,Toronto,-4.889908351,-12.31035851,8.994796849,99.47967409,16.37929979
2022-07-02,Toronto,20.2207938,5.354167869,15.53421114,72.66893997,21.69401479
2022-07-03,Toronto,13.41384654,6.988891112,1.307323151,97.76610102,25.93417699
2022-07-04,Toronto,24.75432763,14.76544609,9.751423873,44.53630244,9.243210714
2022-07-05,Toronto,13.40735755,2.225800207,0.672272004,61.9408449,5.4786217
2022-07-06,Toronto,28.34816751,16.32351781,1.253064069,53.52287608,24.47756466
2022-07-07,Toronto,14.83580774,4.23932091,18.12874907,51.74998505,20.24243563
2022-07-08,Toronto,15.24220872,10.14450024,2.784907422,48.44817693,22.49098924
2022-07-09,Toronto,29.44941212,21.18479904,10.64841365,77.34481849,25.95387437
2022-07-10,Toronto,8.15672898,-2.020387454,8.221912052,86.87931134,25.07027337
2022-07-11,Toronto,-3.96931472,-9.847979711,6.946866525,74.69790397,29.02300367
2022-07-12,Toronto,-8.704779566,-17.21104888,17.99666691,48.81776258,18.39837697
2022-07-13,Toronto,23.98117651,18.64914542,0.436467936,88.6674262,17.21239082
2022-07-14,Toronto,17.91392981,12.12814484,13.27579372,78.15728243,15.04718
2022-07-15,Toronto,21.68358956,12.7143568,19.26788868,63.28994237,8.842276071
2022-07-16,Toronto,-0.416612732,-6.743770273,11.20336367,80.44781773,19.31518082
2022-07-17,Toronto,-3.863283599,-14.53869208,18.73644924,55.59429875,11.92531311
2022-07-18,Toronto,-9.345490045,-21.24013974,1.045157586,60.71153251,28.03268781
2022-07-19,Toronto,5.776440146,-7.229426845,8.375866381,95.04915059,19.57977011
2022-07-20,Toronto,16.54629591,9.544793466,5.203155819,57.43027034,19.82100451
2022-07-21,Toronto,7.650982029,0.976156207,14.6164193,68.19929609,13.87311652
2022-07-22,Toronto,9.686371491,3.640693088,19.62594181,93.40846824,6.299733799
2022-07-23,Toronto,30.68714125,19.32283876,5.130601249,82.46328102,5.793594134
2022-07-24,Toronto,5.671496016,-6.393261249,13.08349203,43.73219357,15.5833786
2022-07-25,Toronto,13.12952701,7.813665564,3.961952655,48.83818266,7.114134452
2022-07-26,Toronto,25.26438557,10.90226311,11.30660509,40.47049545,20.17117389
2022-07-27,Toronto,7.844425204,2.324712368,9.278649734,77.85530741,27.02432514
2022-07-28,Toronto,17.99390151,7.580938157,19.44010659,66.86040552,27.07287041
2022-07-29,Toronto,28.80636689,16.7157617,12.17054545,48.05649105,21.47613525
2022-07-30,Toronto,32.72842806,19.01873683,6.990127442,97.47604726,10.28079579
2022-07-31,Toronto,-3.381693358,-15.52256268,2.281915698,71.77958344,26.57492078
2022-08-01,Toronto,31.69644313,18.6791623,3.024936575,54.51359765,27.15233588
2022-08-02,Toronto,12.14523319,3.750731263,4.506338599,70.03621427,9.916339624
2022-08-03,Toronto,1.620997473,-11.52725366,5.019333227,80.77721996,23.43565214
2022-08-04,Toronto,10.66110903,4.859960567,17.01232116,44.57435308,12.16298872
2022-08-05,Toronto,34.10146589,20.15329933,11.22445577,56.4822289,25.06600781
2022-08-06,Toronto,12.16781423,1.691890468,10.46781823,88.41792945,29.9309475
2022-08-07,Toronto,4.793822463,-8.379155237,2.295377437,67.57989222,5.750650133
2022-08-08,Toronto,18.50303844,8.979855599,17.20279387,72.79462852,27.43414664
2022-08-09,Toronto,0.806552845,-10.62922411,14.45628606,65.96896013,20.56576334
2022-08-10,Toronto,-6.586150235,-16.85017684,1.353367238,42.63399656,29.33456548
2022-08-11,Toronto,-4.200412514,-16.51630773,14.15670194,49.94498679,16.62523794
2022-08-12,Toronto,-4.237937247,-10.05423707,10.87076435,66.73249832,26.18469826
2022-08-13,Toronto,-3.164378792,-8.767899632,1.634506915,52.55112792,6.559851715
2022-08-14,Toronto,-3.752777231,-11.22380957,9.166012831,42.99874172,13.38197625
2022-08-15,Toronto,18.83936352,12.24391672,9.693925743,90.61897984,6.675413444
2022-08-16,Toronto,-1.815396202,-15.53323187,3.315490803,98.87155175,29.38357834
2022-08-17,Toronto,5.55502775,-1.637112124,18.91396294,87.58857244,25.42434768
2022-08-18,Toronto,30.35547845,15.59682589,16.99950743,91.2270953,26.31368553
2022-08-19,Toronto,11.32827381,2.959315894,13.38044675,54.51862782,28.44913079
2022-08-20,Toronto,20.04009823,13.21891908,9.24591122,97.63761853,7.127587153
2022-08-21,Toronto,-2.245605796,-15.14259087,8.235310832,51.81554227,14.63993981
2022-08-22,Toronto,-1.346994154,-12.93407191,13.01946934,97.08578862,6.775872226
2022-08-23,Toronto,-8.160912268,-18.14286943,10.90863739,99.68915764,10.26982754
2022-08-24,Toronto,-2.397922162,-12.95155767,1.245462118,82.70336834,10.73414443
2022-08-25,Toronto,2.536565256,-9.655452526,10.25005298,98.86862391,16.72768028
2022-08-26,Toronto,-2.034528208,-9.319075621,16.12807234,74.17238677,11.71405419
2022-08-27,Toronto,-6.008385981,-20.97172514,9.184797552,55.57250699,7.52445267
2022-08-28,Toronto,-4.5713858,-19.31931742,1.039131551,66.21975314,9.187277227
2022-08-29,Toronto,10.73504456,-0.768212302,15.72556399,75.61365612,8.681889089
2022-08-30,Toronto,-0.714982672,-7.710407181,4.027275643,44.38489372,29.32691995
2022-08-31,Toronto,6.392143747,-5.410138677,5.172416698,77.34059588,23.98231267
2022-09-01,Toronto,12.65377719,6.931793099,3.294127069,98.87067021,29.19403663
2022-09-02,Toronto,21.06776729,15.76124227,6.604301297,51.40645899,15.99351216
2022-09-03,Toronto,-8.230953707,-15.80778259,15.13503011,87.55570698,11.95921204
2022-09-04,Toronto,25.97346795,16.34723838,10.38771719,94.47392763,24.95732993
2022-09-05,Toronto,18.25551753,4.572792473,4.097625483,96.62209557,13.15634795
2022-09-06,Toronto,-6.320843562,-18.59253426,17.55660156,97.60813626,12.48458434
2022-09-07,Toronto,29.31103808,16.88397287,17.5916371,71.28757832,10.81264981
2022-09-08,Toronto,31.43925802,22.18432468,17.4115685,98.63847448,8.241974456
2022-09-09,Toronto,-7.251491807,-15.71084173,4.775924228,85.43861243,11.41157653
2022-09-10,Toronto,2.459494167,-6.250893463,9.024786884,49.70028617,13.88299371
2022-09-11,Toronto,26.27905759,11.40256195,19.69979312,68.61400639,21.8498552
2022-09-12,Toronto,23.67168607,18.27059415,15.44024953,83.09987052,6.564121055
2022-09-13,Toronto,-1.696554129,-15.36686909,0.543348425,54.84041895,10.26267349
2022-09-14,Toronto,-0.57928045,-11.36603454,1.304091825,78.43691101,25.22559101
2022-09-15,Toronto,6.671244626,-2.714909566,9.278627536,79.99602874,8.67304809
2022-09-16,Toronto,11.80353433,-0.449042271,18.18440412,49.76198463,13.56612866
2022-09-17,Toronto,17.82146472,7.954775305,10.77403596,73.90511875,26.61647305
2022-09-18,Toronto,6.601113781,-7.1331186,9.956250161,86.29761466,8.873132779
2022-09-19,Toronto,10.81406223,-3.192956414,2.109473999,69.93373987,7.06842089
2022-09-20,Toronto,23.63619222,14.41898295,13.13560209,40.72618701,17.11344988
2022-09-21,Toronto,-8.34925587,-16.11753384,16.44206321,40.54230814,12.56048778
2022-09-22,Toronto,1.359662495,-9.56384079,7.60840015,61.42176064,19.08520911
2022-09-23,Toronto,22.10073136,7.977097909,15.51223702,95.57164411,25.09512226
2022-09-24,Toronto,30.2843077,23.17768581,19.28953308,53.72060678,8.428712204
2022-09-25,Toronto,13.0254849,1.79581906,4.075329183,78.06182133,19.51747711
2022-09-26,Toronto,13.94510684,2.629504636,10.46659262,53.32455224,17.63771901
2022-09-27,Toronto,-5.17725949,-17.50838971,5.742759162,59.30019938,8.60196965
2022-09-28,Toronto,10.13355651,3.817879656,15.85708838,90.88252538,20.59996214
2022-09-29,Toronto,13.96777699,1.809527344,11.55186732,83.73168654,11.84101045
2022-09-30,Toronto,0.911172664,-13.17915254,12.69164835,45.72395664,17.19585796
2022-10-01,Toronto,2.115945393,-4.680885696,15.95828319,65.72212126,7.056808107
2022-10-02,Toronto,6.97778734,-0.39764591,7.919409453,41.75018582,16.48960143
2022-10-03,Toronto,-9.0967961,-23.81074704,18.30180137,68.8534088,12.6615867
2022-10-04,Toronto,4.493562451,-2.316207076,10.66057734,79.7460407,25.55953028
2022-10-05,Toronto,-0.484839685,-14.02869062,3.159096457,47.11015742,6.424468175
2022-10-06,Toronto,4.737380848,-5.185397716,13.91798236,57.33309633,15.46518187
2022-10-07,Toronto,-4.610704068,-12.08301481,15.86522701,63.87019753,16.4607856
2022-10-08,Toronto,30.07372763,16.36622862,6.335233541,95.17186148,23.12515191
2022-10-09,Toronto,16.71166041,7.25860786,17.14358514,99.59530093,19.35718938
2022-10-10,Toronto,20.55960436,10.41143082,18.1228651,42.69467794,21.68030843
2022-10-11,Toronto,25.51270574,16.92037204,5.538089748,85.66047541,24.42623214
2022-10-12,Toronto,12.42989895,1.500390437,19.67042945,62.30344398,26.55507434
2022-10-13,Toronto,-6.088587036,-12.72382576,2.814230561,63.54749117,12.84688742
2022-10-14,Toronto,14.16979438,5.258979015,4.040313368,85.2558984,18.45056763
2022-10-15,Toronto,16.40785031,1.713727088,3.684496785,95.10558593,26.00270196
2022-10-16,Toronto,23.54477634,15.96344201,17.8797942,97.05571567,29.73627827
2022-10-17,Toronto,9.42467958,-2.142687065,13.08585105,74.62735516,27.23798278
2022-10-18,Toronto,-4.258886374,-12.51078702,3.042085664,61.42726956,14.28668157
2022-10-19,Toronto,2.769915761,-9.964815496,8.806468367,87.25294515,9.87916293
2022-10-20,Toronto,6.338703338,0.029966731,12.3059605,55.060083,17.23481344
2022-10-21,Toronto,19.06627586,4.368065409,1.6692817,73.84444173,23.5410363
2022-10-22,Toronto,15.68502371,6.147128296,17.64832737,61.51470769,17.31422677
2022-10-23,Toronto,6.024352665,-1.336151968,16.07207071,79.39786442,17.07952158
2022-10-24,Toronto,34.3931862,28.65821872,10.10413547,54.42393477,25.95576053
2022-10-25,Toronto,17.25986687,10.56228782,19.34253231,51.49557674,14.03509448
2022-10-26,Toronto,0.675205628,-9.522533857,8.355219586,95.0943452,26.49486687
2022-10-27,Toronto,-5.419788732,-13.7898205,19.68220638,46.10822098,15.17012002
2022-10-28,Toronto,-3.121338737,-16.4101724,13.35839998,70.35747446,13.20582764
2022-10-29,Toronto,1.068097777,-8.240777459,12.69342547,53.25116698,16.34974778
2022-10-30,Toronto,-2.769338203,-10.25648093,3.319097906,42.3357978,24.06117397
2022-10-31,Toronto,-1.604483918,-12.77593378,17.63855517,42.1611291,8.150050697
2022-11-01,Toronto,2.829282591,-9.238489578,8.549793758,50.51330633,9.910480397
2022-11-02,Toronto,-2.198188212,-8.868607291,3.244668116,92.00622127,28.78612064
2022-11-03,Toronto,30.35444411,23.67825195,0.2521504,56.94872464,9.387290685
2022-11-04,Toronto,-6.389481445,-11.75619571,11.19511367,97.02755023,19.19318295
2022-11-05,Toronto,13.60301253,1.23899238,10.54799244,74.89733758,19.48286167
2022-11-06,Toronto,8.467857215,-3.170188062,14.38707245,66.19685139,17.24061155
2022-11-07,Toronto,34.20703776,24.460729,17.80516106,74.80533008,21.11863121
2022-11-08,Toronto,-4.958249402,-18.39995389,1.588131693,71.00190311,10.74566814
2022-11-09,Toronto,7.903501957,-5.153199572,14.62992981,85.52657523,18.81655669
2022-11-10,Toronto,33.6261695,22.77262585,3.748238882,56.94976396,14.30433138
2022-11-11,Toronto,28.94782067,15.26510786,17.16354106,61.1830235,21.54168149
2022-11-12,Toronto,26.76824319,19.70983109,16.38127028,93.64565815,8.530588584
2022-11-13,Toronto,1.605627217,-4.513568977,10.8158751,96.78739079,19.27193542
2022-11-14,Toronto,-2.310058567,-10.00755468,14.20485597,93.55349365,9.631758885
2022-11-15,Toronto,20.0889449,14.51807634,6.287002264,65.16687964,11.96607658
2022-11-16,Toronto,31.82191951,21.51022423,9.423357979,86.82193018,10.46774501
2022-11-17,Toronto,15.05433019,0.688273263,16.43273795,68.580144,9.570944497
2022-11-18,Toronto,15.72257103,10.32913562,9.185303943,69.85239113,25.64277379
2022-11-19,Toronto,2.599059215,-3.622039925,7.155965307,52.28080654,12.14268919
2022-11-20,Toronto,24.62718199,15.10519171,9.884248945,75.4678182,28.17809455
2022-11-21,Toronto,-1.583031315,-15.92178149,16.56498505,51.16815387,29.24816313
2022-11-22,Toronto,4.565565638,-3.595995412,6.704160947,59.89388194,19.28151175
2022-11-23,Toronto,9.144639738,-0.927708349,3.475231863,91.3018121,8.575028067
2022-11-24,Toronto,12.84246704,7.42673845,14.24028041,52.42454855,14.36370608
2022-11-25,Toronto,0.908437959,-5.574994051,16.51956425,44.26949711,24.94330658
2022-11-26,Toronto,-4.832342887,-19.69864412,2.01274957,44.14045556,14.18476822
2022-11-27,Toronto,17.47790191,2.826714946,4.797482255,96.44707123,7.175430458
2022-11-28,Toronto,2.988374896,-2.061024914,2.839439795,70.41522628,18.91962277
2022-11-29,Toronto,16.15571996,1.63760211,6.958828232,64.56472431,26.12802129
2022-11-30,Toronto,-3.053677813,-14.44487719,9.007019578,88.65271486,24.89815968
2022-12-01,Toronto,11.65130458,-2.027878362,14.97652674,90.14955567,9.378078503
2022-12-02,Toronto,13.96652446,4.419125908,13.0229517,59.93146199,21.81911536
2022-12-03,Toronto,-7.667940843,-17.82390113,12.41857135,81.61708345,10.51260659
2022-12-04,Toronto,5.147192519,-4.741273284,7.047498932,86.26736895,10.45518836
2022-12-05,Toronto,-3.951339538,-15.61998211,16.82895106,79.27904121,26.85179433
2022-12-06,Toronto,-7.148126329,-13.54463888,9.425743348,49.09570449,11.24172382
2022-12-07,Toronto,34.54821046,29.24847456,19.58209876,92.55298501,11.58118366
2022-12-08,Toronto,4.505923024,-3.573376392,12.68284277,72.34567316,5.016334769
2022-12-09,Toronto,26.44435006,14.39754244,2.525294831,56.94834558,26.76672585
2022-12-10,Toronto,1.458829464,-5.559705057,13.52355124,65.51369113,24.81487033
2022-12-11,Toronto,20.6676225,8.933298167,6.502080309,42.25426542,20.68322338
2022-12-12,Toronto,24.2102537,9.511133234,13.72654393,47.67200807,23.7566441
2022-12-13,Toronto,16.80374333,10.86473617,1.392822963,85.93280503,8.801214186
2022-12-14,Toronto,11.22092848,-0.505092697,3.497628744,40.00069809,16.45808986
2022-12-15,Toronto,8.532841137,-0.904661056,17.11474518,64.99394971,13.78048468
2022-12-16,Toronto,5.699071994,-7.982350549,4.54359114,71.35061087,7.344413156
2022-12-17,Toronto,31.82881149,25.0573136,16.7408225,43.2780652,17.15326213
2022-12-18,Toronto,27.37787335,15.45161383,5.585521769,98.38468978,28.01849126
2022-12-19,Toronto,33.42621098,20.04505808,12.8576382,53.56751987,6.001477976
2022-12-20,Toronto,-4.406624943,-18.85276714,13.88301147,58.25192318,12.28652284
2022-12-21,Toronto,22.88903638,11.0565561,10.25309506,58.23655074,10.18852341
2022-12-22,Toronto,32.22532056,22.25357292,6.106213534,53.82499973,10.95366634
2022-12-23,Toronto,-1.844512023,-13.02298442,4.252887527,40.08842933,27.7108638
2022-12-24,Toronto,-7.007667968,-20.69671781,0.663787091,83.76068765,16.70172636
2022-12-25,Toronto,23.35042922,12.64433175,6.078928025,98.01072999,16.65748532
2022-12-26,Toronto,15.85129009,10.5474195,13.06325581,53.457609,24.01439106
2022-12-27,Toronto,27.88229495,13.572808,18.76609637,79.78283151,8.8623051
2022-12-28,Toronto,-3.710243052,-15.60551056,17.42408965,84.51377962,17.18163385
2022-12-29,Toronto,25.78702903,14.02189518,15.32129553,90.90552275,15.74963035
2022-12-30,Toronto,-0.926770598,-8.083522122,15.76894687,65.35775182,19.92276726
2022-12-31,Toronto,-2.635482571,-14.22433727,13.29969807,58.17585434,29.98894258
