Date,Temperature_High_C,Temperature_Low_C,Precipitation_mm,Humidity_%,Wind_Speed_kmh
2021-01-01,6.854305348131312,0.21164736882138335,7.87728811308317,55.61721145396018,13.132378350575777
2021-01-02,32.78214378844623,19.636396586132406,13.024659540829841,94.43170184234978,22.81553332746282
2021-01-03,22.93972738151323,11.28775517455123,2.1318606061598144,80.24393871435004,25.4194866626409
2021-01-04,16.93963178886665,6.7089775411754555,13.156906092060721,73.62643785882639,9.540349193915066
2021-01-05,-2.9791611800903564,-11.567466021325382,19.98827451541333,46.65936815280887,14.27352520394413
2021-01-06,-2.980246584870881,-16.752251993001963,0.9642407772111206,66.82333262838553,27.548504918728753
2021-01-07,-7.386237452431024,-16.31068852665738,19.543483684426345,67.62149627211558,25.16733799236848
2021-01-08,28.97792655987208,15.81193216515631,8.138159214457412,91.87381657136021,29.621460069061897
2021-01-09,17.050175528444395,7.65882644274221,17.415069006745185,72.79889321126731,23.856206492052017
2021-01-10,21.863266000822048,13.093821706572971,15.64770968116547,62.824032938224576,14.829880025698056
2021-01-11,-9.07369775668889,-18.700495613384955,11.340325219733355,98.60801971063955,19.765945849865943
2021-01-12,33.645943347289744,25.632164605648324,14.76898418502653,46.643235599578944,21.525356356183007
2021-01-13,27.45991883601898,14.983825034256467,17.57031122602696,65.35290569871668,6.961395407928099
2021-01-14,-0.4447400194775728,-10.471943920402365,8.082806433020659,42.52148051028432,18.612423977596627
2021-01-15,-1.8178764756804728,-9.140003427148645,6.540663231264774,84.39424724601582,22.73302071181524
2021-01-16,-1.7467970565954776,-15.742542789341162,13.351867711271694,95.08459313194903,9.18303260002651
2021-01-17,3.690900933179197,-5.148011280552918,16.15691883882517,56.80223977302937,24.515792935638927
2021-01-18,13.614039423450702,3.1785108123108152,15.245702695532316,91.50050060794726,19.594319512852792
2021-01-19,9.437525838895208,-4.627195270750262,15.95627297717269,57.53309382771387,28.805544642439866
2021-01-20,3.1053113089118867,-8.137068650228034,8.71166629625866,94.64620969863492,6.060557455172292
2021-01-21,17.533380262507077,11.364399855423436,16.35668432350043,85.23771421580705,11.633153438886675
2021-01-22,-3.722776270658118,-18.12109750679287,2.404181107412169,88.29440661048632,20.038846982495603
2021-01-23,3.1465091840848167,-8.130571346629361,10.889781959216991,41.08039333602727,12.413997805148266
2021-01-24,6.486282948216125,-1.862773198354736,0.11517320996243141,97.76862142444156,22.860604101781057
2021-01-25,10.523149289766618,4.130428563132745,6.4917165980054055,83.6002595242194,23.975132063048274
2021-01-26,25.33291826268561,12.39266636998265,7.329230697427958,58.285065723168,7.562899101661861
2021-01-27,-1.014679802873811,-12.215407362158945,7.923453832185108,89.76367989153081,17.846361605169193
2021-01-28,13.140549728612523,2.8059388088493087,13.909344133797244,56.891271904895795,17.722263889776396
2021-01-29,16.65865559879191,2.719729768282333,7.771162025406914,92.36523037396768,14.232019255388527
2021-01-30,-7.909731427600102,-20.79570353984541,8.973872452450614,46.75482342471622,28.323121564241802
2021-01-31,17.339518335564726,10.822769538237214,4.75088261748655,82.22115864764774,25.68765799683053
2021-02-01,-2.3264144340718813,-10.443635112027366,7.465035832586802,72.44190859869462,22.43023454774092
2021-02-02,-7.072678315662422,-14.55756971380708,4.545392545263029,45.792068211726445,22.858165893374938
2021-02-03,32.699849176399994,20.260386250673225,1.4639184753688728,54.51362969553034,16.542903595327978
2021-02-04,33.45344148835517,28.118117140997374,12.068971867627559,40.744242176638885,28.024863027414398
2021-02-05,26.377880665240752,15.678983816527587,13.364255971100325,68.12607792787034,22.364885681332133
2021-02-06,3.7076196128016807,-8.916967244605225,12.38980692019229,58.07591564560002,23.22452654139541
2021-02-07,-5.604754869712726,-19.37241123733022,9.269880876011447,75.90144905786553,26.54227259468363
2021-02-08,20.79048619304706,12.369668705887985,7.595715603584596,57.83426846251703,11.851789733554774
2021-02-09,9.80686221828206,-3.4057108284380693,17.266672991436504,57.99514669041908,25.176772596667575
2021-02-10,-4.508279431984953,-10.614596801537026,10.381635702724362,84.5915919238962,9.881015073912302
2021-02-11,12.282960955007159,-1.181561962338023,9.58363755259462,42.88857015870121,13.633548806122196
2021-02-12,-8.452516549815172,-14.727403173134997,0.5128413161287138,94.17369971151923,13.390261356746068
2021-02-13,30.91941809354519,21.946545187941517,6.824956552523127,91.13583246347089,29.463136709728513
2021-02-14,1.6450991720007622,-11.327854485794774,7.603912375717141,80.06828099358438,26.41343059369817
2021-02-15,19.81350279592919,13.314328522441452,7.97645561793801,75.59329420644306,22.529246539756492
2021-02-16,4.026998424023493,-3.265515528302922,11.603447384546646,93.53814988837914,23.176419040384754
2021-02-17,13.403060953001486,1.1805352690708233,10.67205093453757,51.11981077172287,19.051819860064278
2021-02-18,14.601962570447583,2.401597204986839,12.158101855868892,44.73814973144972,28.67726667771298
2021-02-19,-1.6815495013512827,-13.093025830204256,15.297665230842565,54.370610194572286,17.40646882205904
2021-02-20,33.63130824940514,21.691823804734135,16.25971477432187,87.67469672201142,14.512942746747363
2021-02-21,24.880977051250156,14.453732617774193,14.362461524529888,42.080216003589,9.075883423289774
2021-02-22,32.27745237038851,24.759461781318983,19.110473919098695,74.96841010500938,24.65514130652645
2021-02-23,30.2672307692442,21.810270834205006,0.3646516535272326,99.7262509714786,23.361098301889786
2021-02-24,16.905499046498832,10.089521878484575,3.915559713670922,91.34176563025237,14.608875963103372
2021-02-25,31.48434057604026,17.399834962703977,0.1512574995628424,71.28674134261537,5.629835348980734
2021-02-26,-6.017837407663622,-16.851755355324826,12.94949428309206,43.81845455719854,25.974933192950267
2021-02-27,-1.1807711911384668,-10.189285358774866,17.96061097899974,89.88241086314258,5.285449586351841
2021-02-28,-7.964771999025787,-17.584830035467114,4.8696459315259855,75.93871049063263,22.592494490726274
2021-03-01,4.6398648843468955,-9.832968511771258,18.540690895926133,46.89597982357401,29.256427743151427
2021-03-02,7.4904780360266905,0.9569640048658883,1.205347805791217,45.63143708940137,15.941533203705086
2021-03-03,2.2107064298253167,-8.651591890342656,18.688720536110285,94.57760916619554,10.874335124898819
2021-03-04,27.293187911836817,17.234301122992157,7.032453744792688,80.15201577628471,22.621775251084543
2021-03-05,6.053899701211517,-5.060642653134963,2.0284165689843303,89.75720795900534,25.42820355038963
2021-03-06,2.642052935932135,-2.53904890227627,9.717435183726513,92.73873401693604,18.660757901946184
2021-03-07,14.421323742121182,0.7000846526796671,5.135531354410158,74.30634112289934,29.175881881403654
2021-03-08,-3.658409876135681,-17.979592700971804,5.697458039238457,71.04678110530247,6.291718041449028
2021-03-09,26.098864133931784,15.447532298039693,6.1457992985257315,65.8256446192594,17.619889957613204
2021-03-10,-6.645221034410313,-18.611729273179236,16.060517956653268,59.01679526746716,22.96134868306375
2021-03-11,34.40991214702328,20.18491833525032,10.783225533505089,66.07575765152271,26.566011778729475
2021-03-12,24.751014618349586,12.678628275215601,6.2261539831200725,86.43277934380939,9.481390297694752
2021-03-13,-1.057794330962242,-7.583184760104856,12.206675666218366,76.11540586090788,25.000087044092034
2021-03-14,-9.751504729437892,-20.514388331106026,14.323013484463871,93.55139739729077,18.817676892963632
2021-03-15,26.695764280467536,15.628613816638977,5.452480014670675,66.60280086275127,14.91384204974908
2021-03-16,21.80858047314277,12.567273760118908,8.27098203050703,76.42537472312524,8.29287571447734
2021-03-17,22.805322561844427,10.4408802055972,2.437721866738951,77.87845318551932,26.63239397272281
2021-03-18,24.70716560086756,10.363495453177414,3.6229869906936063,75.50182973837954,8.931830204492883
2021-03-19,-6.667990671965933,-20.923675801033696,13.622357079299656,82.15802638513098,12.744696480227482
2021-03-20,6.130957784492267,-3.377435929549055,3.628766953912539,54.246008102488375,12.251138299060923
2021-03-21,-4.785892321369163,-10.918272779776714,10.503267673341202,70.74182665274743,26.78535085477136
2021-03-22,28.839654164401708,13.991242174778362,14.180925234448654,46.25348816850086,21.81757485522245
2021-03-23,18.048415707240107,4.659434842780765,2.1375384618948767,63.07067965868875,24.917034929784307
2021-03-24,4.890411118369213,-1.3562156936634553,11.346244392578072,69.26002411727586,11.261697469812475
2021-03-25,-7.139874237128936,-21.34829306330266,5.131255674027275,79.13345557272835,20.621852490174973
2021-03-26,3.9942044772048,-9.704759143416483,19.258537504751597,97.0318631551722,19.293649578593715
2021-03-27,4.6332494912036175,-5.555131080057103,9.670912934398494,76.03906399290136,25.82075941970678
2021-03-28,22.832278025212887,11.919523667763594,16.119850995503164,84.61563497059359,27.652176512031513
2021-03-29,18.69008621098459,9.700059172283286,11.004530843125234,70.37596356971217,5.30391928693467
2021-03-30,29.924573415934695,24.376957027714383,0.8682506570963833,78.04624188257988,21.850497976469818
2021-03-31,11.249671632287718,2.897699215828709,12.663027511880447,44.25593296802641,6.295894977993226
2021-04-01,-4.618258932776423,-17.646793418756538,19.02806684413314,55.26349485051082,18.721466626933896
2021-04-02,22.09601542503478,17.04969519498875,12.032236402926625,61.711185592308325,12.190818226091956
2021-04-03,24.235327187760383,15.90033547084894,16.383777188535802,68.34960130039082,12.66941498805353
2021-04-04,15.257473890627331,6.275786954717898,17.684129266968156,42.738924730143026,13.823962586308914
2021-04-05,24.693523097955243,14.319567068576013,4.5615954389786495,48.401445853199064,20.532311226240253
2021-04-06,12.220801836397584,-1.9777543277300218,4.240896798164533,56.60885846747834,13.35124914171923
2021-04-07,13.522977322189732,5.059517378530119,12.219619777019835,98.29196145406304,23.31747626475701
2021-04-08,9.239345826134734,0.7698138071724578,8.220569396134094,59.88082042618305,15.113184639346743
2021-04-09,-8.856139296515718,-21.2311517776132,16.797226057334406,68.92246348672495,6.708830007748965
2021-04-10,-5.1448857853013,-14.667065194199372,18.000462467960222,51.76586276430358,24.593996062102683
2021-04-11,-8.58568664409696,-15.83173487349678,7.068427586054362,76.64680426454609,12.14395811481765
2021-04-12,18.63846850687012,9.114073345543185,4.737411179489641,56.84099293095846,15.819171989981566
2021-04-13,4.1460191484347,-2.262551055363298,15.610510304877236,52.419554706305604,22.13609708054754
2021-04-14,12.885681102411624,6.121811237349391,5.496120710962722,70.99435770675875,13.3114039287178
2021-04-15,30.840491326674183,20.856813599279384,16.45228637027357,40.33034794962525,6.414641403667891
2021-04-16,1.2181503116993717,-7.971104183346107,8.474765072975256,40.45984195895352,14.34802617532034
2021-04-17,8.46723153660334,-5.6812274740776605,13.350997985829409,53.14412854611147,28.611214567357585
2021-04-18,23.999801234437193,15.375862243270863,1.9107062766933636,42.20328175004927,21.043359932463954
2021-04-19,0.29591744712300994,-10.509966055657426,12.47718649353146,46.48154524784148,21.786978716680174
2021-04-20,-6.5359040577043155,-17.858546936899618,9.035353574744583,60.331638960325094,20.807053840940995
2021-04-21,3.0388153811195604,-2.0921291847637757,11.732169263509482,88.15514077478878,9.974803473985919
2021-04-22,-2.7450420735698007,-14.380415793736907,3.3602841548972684,74.32291860215804,15.458346602557004
2021-04-23,31.83639435541579,25.056034686718277,14.737474898883642,70.76006355738498,23.773494959082957
2021-04-24,26.365417080398764,11.754713905704213,17.25594155086457,57.6093293924873,7.534322438828979
2021-04-25,18.503169042969056,12.016541765437927,4.334796001815513,95.90522316596898,11.946319402242807
2021-04-26,29.215726558447294,20.069485321177055,1.9142911104032345,63.8209024742315,11.90797771164634
2021-04-27,26.165243460460154,20.311746779673715,0.4727717209267279,45.22556600774629,15.80047318986265
2021-04-28,-1.6043473501283874,-16.57308986858786,12.839430008865321,77.02399096706807,29.509218523554626
2021-04-29,30.165154932049,20.14320482873657,12.141880721775616,46.83030360859608,6.6875636670955485
2021-04-30,14.270400886204282,3.316550713003844,10.9339482542814,60.71338856810152,17.967524859514874
2021-05-01,26.334806982382815,20.66404220849854,4.638941922319509,70.44471632306853,9.484117050305262
2021-05-02,30.324108496557194,17.824503792565416,7.818119918110293,92.45335148111054,29.266913635243604
2021-05-03,4.310156373733875,-2.788899557221983,11.889526703723462,69.61279482040712,7.832587618186605
2021-05-04,-5.047663396254546,-19.028206290661682,9.935337177183388,82.13552596189986,15.090025059039782
2021-05-05,0.2570823143873753,-6.794314090432696,19.755710404297744,99.56901033994421,23.447124620865154
2021-05-06,9.219850488181535,2.3129732815448696,2.7287950511346626,47.8893471938789,22.613860700686132
2021-05-07,26.810664466512193,21.445167788031245,13.902891080951875,56.48389153117117,15.568215922348307
2021-05-08,28.732876246535454,19.01220679543546,8.086375362085843,63.674564535858785,13.663104198817956
2021-05-09,-9.687154126096418,-20.335565458722584,8.563992298512295,65.30969071232988,14.940309463821764
2021-05-10,12.983628615990458,7.3265422217069345,14.351955313163526,64.66126451593274,11.606906578965983
2021-05-11,8.783495141695056,-3.9717810252550496,13.848723026487393,94.4566601533933,10.133323467669996
2021-05-12,-0.005148528817139564,-9.538036876297417,19.825119874043764,82.84195866801139,17.07599243897225
2021-05-13,-4.606058469984274,-14.849961163260073,2.5678857890825046,76.47431284544223,11.713343901690184
2021-05-14,5.192682713163258,-4.2149447562190225,2.0821929876833267,58.562363071766924,12.186541622431253
2021-05-15,32.43093667606336,23.4233060673101,14.486776342574823,89.42742305327768,21.418901586863928
2021-05-16,4.544131940933985,-6.052271372148194,11.567738340128182,97.30363068909934,29.213433292497307
2021-05-17,13.345577978451473,6.793175519144349,5.483213331196117,89.2718969530136,20.090930013984377
2021-05-18,21.635853150283005,14.816571845330294,1.588387379779732,40.093906311488375,6.9244866766241575
2021-05-19,6.363332107068228,-7.254524103066945,1.7131649919286107,78.18408221100442,6.8895903463516746
2021-05-20,33.73019372244323,19.269039101106905,17.883817493282365,43.06812288652604,28.78558052113915
2021-05-21,33.310128272395005,24.577035109597475,3.837346494374858,55.456433220023314,12.43226975768334
2021-05-22,1.3302033121413874,-6.3772434192941505,6.467431242310415,43.5714820208663,7.301674652061886
2021-05-23,12.376182765157346,0.9361873327671884,4.53312804453976,76.22772717696327,19.976114678759537
2021-05-24,3.5395239417546343,-5.547817769226331,7.099926116638747,81.1953948095564,20.591219457256653
2021-05-25,2.817822246986042,-2.4360413096174067,1.3884768549218673,46.86925828395431,21.212620502967205
2021-05-26,-8.340087369046024,-14.901613342707929,10.381195818165407,63.030332982698766,11.685050696438532
2021-05-27,17.430395029095358,5.270672740621382,1.352251271844298,67.37419053733252,5.377767105361876
2021-05-28,12.620556045298766,1.0313166261972526,16.007130156447232,62.14318130565499,29.125384236361796
2021-05-29,-7.683456193750479,-12.954416118785314,4.6742416382086605,47.26150002911158,11.272326142277562
2021-05-30,2.5390908906475147,-4.6806307286819795,10.800238292090212,65.13686741124852,21.900657201313688
2021-05-31,30.87196486849942,23.561216902618703,17.601581751229165,85.07068286850509,22.665746746967738
2021-06-01,0.7802850800137584,-10.938642355973526,13.017547380943883,44.26045987199533,20.250185426987144
2021-06-02,-3.479730755894961,-8.676836133438602,10.659155731026706,44.810800844914205,12.822684855341205
2021-06-03,12.025374212490334,5.984288392644595,6.486675062307512,61.28627751015905,11.777406344101644
2021-06-04,34.35427043497703,21.355109581245138,6.660038261163958,96.5035426971355,19.941707067567577
2021-06-05,0.8924872180175178,-5.892959402525818,13.389739103963802,80.11435880337484,26.652390840292288
2021-06-06,20.246099633264535,8.718638554745787,19.88278722442335,80.7201974003539,28.66834322308489
2021-06-07,24.27288268979229,16.891054879325026,13.236783796987572,61.715199450271896,7.647645110093941
2021-06-08,0.6936894796579853,-5.300724447935466,11.155668347400498,75.6196474725123,8.870715314942997
2021-06-09,22.769735687533682,15.338013777539143,14.613010204784922,40.6078710416646,28.618406469576993
2021-06-10,6.550240972366396,-5.672428346190195,9.304112245674363,78.16576278457254,23.413380708369814
2021-06-11,18.453762376711076,4.8967976956482175,1.2028468520157043,94.7972168545742,27.074845620744327
2021-06-12,18.50883698424026,5.206638338570345,11.245936317558197,76.75440810068915,10.06581585338358
2021-06-13,14.10986078336413,5.138025487179583,19.152505690107603,92.42191560798071,19.689646777735046
2021-06-14,-5.936960347551627,-17.61781171325809,3.506058847153193,83.43838332796562,22.528489860436842
2021-06-15,27.58861230151571,20.5387693473575,13.800097816413315,47.23350498422141,22.002797136174316
2021-06-16,4.435102923728113,-3.4963743788820194,4.0186737731811295,94.14719843715051,15.203792271667453
2021-06-17,-1.606667032006559,-15.570025217217756,10.716553689461625,43.986630661346496,5.3848722922827115
2021-06-18,-8.165118630035623,-13.295137865142983,1.9335289929343924,72.03804835286583,19.573151420106576
2021-06-19,16.59018244347088,10.7350971349262,9.007418725163703,48.52822742760746,11.327538479490219
2021-06-20,20.490396282902708,13.411533731442436,15.123266577904921,40.70239664385424,16.25635615357226
2021-06-21,-9.253547698246473,-14.51886973698467,6.9514304847796415,65.32205560765834,28.939525377095432
2021-06-22,13.044187623467643,6.229833272569669,13.29823448974436,57.702442459249376,14.975882941060869
2021-06-23,0.1923098839072086,-10.638105725789712,15.908999215794584,69.16002962785618,25.995040166610668
2021-06-24,19.032775568425244,9.818530062500265,18.543556389589053,74.63199320407304,9.713515143731279
2021-06-25,-2.1535106947753855,-16.080227805545135,4.692841637109071,42.624344338536844,21.81151245062572
2021-06-26,21.092198214610967,7.917762597226558,7.986318316186162,47.38019770742474,29.425173860973587
2021-06-27,7.4030905835241825,-1.0150829334545772,3.0483202666083486,73.51854378702552,7.547327521823419
2021-06-28,32.152849493153056,24.55861515884013,19.849670043167503,60.59004119035949,5.207998555679801
2021-06-29,-3.8115575134303032,-12.608481595102973,18.540019358485907,83.75040925296688,15.83956981581536
2021-06-30,5.347985797261632,-5.554963627886444,10.799142605611191,79.13749891551637,7.31563707628418
2021-07-01,-4.893691544173492,-12.574327952402253,16.840665887528424,90.73626177939441,23.709608741905782
2021-07-02,31.61121282253532,20.36972374404398,10.419159545440843,81.54956960015352,27.863716596213973
2021-07-03,29.48027090214415,20.386154380231744,12.471713760055195,65.79586464340889,15.850524317718971
2021-07-04,1.607373247182002,-8.9130985613378,1.7824886423203323,80.37799734366595,11.467791053886025
2021-07-05,19.699282071538057,10.33801678018489,15.105408409936159,56.52287045532511,15.860082975165245
2021-07-06,26.77499900905471,18.830341413635534,2.5542696727046965,58.37880992669276,23.086195446250024
2021-07-07,14.984036521975806,0.4995034523542401,16.521352605050566,87.3391095952476,5.226354039509275
2021-07-08,13.83427602602029,1.1982180844226828,15.640561753407718,66.78517098409493,19.73634973711743
2021-07-09,0.8833530905203251,-5.5177786671442,14.17489395485953,87.90282043110115,20.332292122184477
2021-07-10,-5.810375448734535,-19.495055207713662,0.7232076104952423,89.3453424200967,20.942206172398386
2021-07-11,30.374709107899704,20.500397125404568,6.062567118906572,91.45374025967703,11.05055199952193
2021-07-12,30.518812572349873,16.57329030340896,5.262251398216858,94.99811415047245,22.85131808445317
2021-07-13,18.489565577297057,5.491013017823905,7.202728149430381,65.85911323079777,7.28478715829441
2021-07-14,5.25634059719153,-3.9957944475008045,1.7528549352767708,59.13200909926833,9.98175841167002
2021-07-15,5.71443085756974,0.4897377743685656,18.739156460621256,74.93192479564684,26.936751166362047
2021-07-16,22.668005549160775,14.981231955311314,11.076044814247526,62.270345406257654,23.46807876816416
2021-07-17,30.369961697865968,19.953619551257297,6.1104862131604705,76.06445000801398,5.343638850283631
2021-07-18,29.918889091930282,18.58410689366881,7.939630341485668,82.33515175862948,11.209406509245005
2021-07-19,25.094399563593072,17.51552270926105,8.944050810096712,81.30430110952821,10.360162074829114
2021-07-20,18.89142407694295,12.49786333621471,12.011886667212346,62.47317322120728,11.770158200924314
2021-07-21,-6.213701575222803,-19.563003943215794,10.313588553929955,50.01161210192517,11.18899425699716
2021-07-22,-2.72670786574238,-17.5707296727779,18.387839464288348,65.83176030773245,6.563157393571144
2021-07-23,30.434938483718568,20.17803666069171,9.939269658116604,48.55564864491453,16.47351291492051
2021-07-24,17.289307684681546,10.57251482619851,19.84316029646625,93.4058221110285,23.31833686965413
2021-07-25,-9.586132677251666,-17.309205942445356,17.028499154901915,60.75264764427145,20.16829311793591
2021-07-26,-5.433780571028556,-10.617687336503224,4.170210287146716,49.267584833399425,21.821791714951996
2021-07-27,19.857579609862512,5.714591544257521,18.611904292878325,41.526865594345054,7.028729463405979
2021-07-28,-9.77222872692016,-15.949739555821571,2.327327957709522,78.74934317718905,28.78726775441968
2021-07-29,-2.7636376862125607,-13.528802441355097,16.348994169823833,78.21413904728459,25.96229584607562
2021-07-30,14.693020521496376,6.952468314624316,7.612465869531602,60.4362499948775,25.127257962391568
2021-07-31,21.135283896171195,10.593503871013262,17.55948640890139,44.30271333085906,25.574595126044187
2021-08-01,19.338256677617025,7.824052794098382,17.361133802149006,64.57773369371392,28.317762703319033
2021-08-02,0.09211892572518998,-13.205299111346827,16.118508002352424,58.67304970380361,18.60634915284244
2021-08-03,22.048064960639117,14.983852243033084,15.800608726141228,80.62723838410056,10.007050446690648
2021-08-04,0.6762089373560034,-4.433749349228801,6.093582781960816,76.34675496716142,20.41959019631353
2021-08-05,4.642986417167048,-1.7258698835210247,1.6183856610250436,61.8756236918524,23.572037341698476
2021-08-06,23.592113230311085,9.591926811830035,8.059603575303228,53.0735532552994,23.447934833850635
2021-08-07,19.23348045712466,5.494579681499507,3.4704902997301734,99.28215796933551,18.036225604172003
2021-08-08,28.215053472238004,17.24092245053492,13.899021778049235,67.2400972717669,6.7114679833394515
2021-08-09,19.592580153515453,8.587411549178919,6.921994530755711,81.29645414681423,14.277823460753195
2021-08-10,15.573887150096223,3.923520404633667,19.512204017198297,48.43317805470164,28.019165211583932
2021-08-11,-5.784635447735838,-12.538348233970336,12.81944154690664,69.13538197956387,19.61122274393565
2021-08-12,6.547211137674509,-7.596908321575089,16.449611272687218,41.65220319216793,18.458298581392835
2021-08-13,1.9341065456776452,-7.253598703243087,2.6504934548369685,70.327307074627,11.721337859554838
2021-08-14,0.9795339520587607,-7.851851330436213,17.24028964545245,97.84104442706214,14.211222997914472
2021-08-15,33.785474963860054,23.596297911031677,18.455143810267888,63.05240277914801,27.38365222882923
2021-08-16,7.689397610004217,2.2197379422536674,9.741238376378718,42.3397607544947,21.661576188170894
2021-08-17,30.1420949829701,23.479261295409305,12.125058755019548,41.857347455160614,24.68467566880832
2021-08-18,18.40123816987683,6.0209020056131255,15.29619601805991,63.27920559681217,16.358635576691377
2021-08-19,25.766508659374182,19.938521980122918,3.496772545208251,49.60149618779164,20.75618048640395
2021-08-20,12.618669189733644,1.5871480950697627,10.051321529268849,41.40112577969116,11.209590218580189
2021-08-21,15.960674808186159,8.50718371137295,7.973260555446262,85.37281683701062,22.63652075708716
2021-08-22,12.163296221848874,3.270340081429108,2.9274798432449822,67.51138053291345,15.690033342583433
2021-08-23,-1.214065549087998,-9.101002916794997,7.350688445830629,57.35468631835927,16.063637870368638
2021-08-24,22.510345186767736,13.953618022118246,1.3634461877098714,94.00499098098885,21.233058114422043
2021-08-25,2.6347563098385116,-9.555702742003943,0.5162381389897397,46.96833761203153,28.407015536723165
2021-08-26,-8.905781510584577,-16.876998666816327,2.703325783096455,97.35512973731915,6.600158665215523
2021-08-27,19.04625331582255,8.38220691285358,19.262302231783476,58.83800304264117,25.61858093367519
2021-08-28,-2.030019426682798,-11.790523448673795,10.99059071790034,93.30422033852088,12.309577760304828
2021-08-29,32.320636295881144,20.683924642254663,19.3164432230644,76.1765725887677,16.097986362659448
2021-08-30,32.92678596511643,18.55848857186885,8.64995756660264,89.60244158448924,5.547833219375224
2021-08-31,31.168897559920183,18.84317658781768,6.2363226617051915,99.04078979262786,12.526151945857826
2021-09-01,6.6571415114949986,-0.4922622744125693,10.122837256804882,57.30432626912474,17.565781065753264
2021-09-02,-9.304452256200966,-14.616283606813813,8.790233772658203,97.66812912445558,6.404401933685975
2021-09-03,31.77433531644764,24.15169487344939,2.1132936852348783,63.36891369414522,17.27739323457913
2021-09-04,9.268286674279146,-1.6824926327234024,12.816526293804124,63.130714284215344,28.177765721460684
2021-09-05,33.49946685696513,27.985208722122625,4.320763650191992,60.42322625527034,7.63483045269513
2021-09-06,33.36289896901638,23.399236497004015,12.39175909795659,72.48445644085511,24.11101820188761
2021-09-07,28.385425496031203,17.41699700686231,13.004021847963067,49.24870259070923,15.241776334399816
2021-09-08,3.250200143131355,-5.092238765038253,3.040497062572962,73.22268912148067,21.37934286310845
2021-09-09,7.329397787086638,-5.379724250371581,1.2269925422133632,72.50228874460024,11.505914949630734
2021-09-10,28.301150218258563,22.235167686920846,15.615231721368797,85.7141087562922,8.987306563533958
2021-09-11,4.261490232032495,-1.4898875853255928,9.196008475386403,90.01899771625514,9.011565356780661
2021-09-12,-2.372826399125838,-14.654713961161871,1.1632759101095158,66.42648101874545,6.762298641078616
2021-09-13,15.056056810625758,5.101143648563774,19.897326343395342,58.13999496108963,9.641167622531075
2021-09-14,32.12696483723514,20.24294087295778,1.1556112199273327,55.56009383902567,21.605484624724205
2021-09-15,21.321340850373787,11.973067464336324,13.900704577171064,51.677430202292314,27.042265296087702
2021-09-16,15.652752654021423,8.188732321630354,19.67357850526827,43.458854931941495,25.353142139779045
2021-09-17,-5.627057780315416,-18.81808095705741,4.783602084318512,60.546878730082796,22.128357746862104
2021-09-18,17.675325201462638,4.681166411772846,2.8449873737439235,56.21486152784699,7.760796585277567
2021-09-19,34.552423254691846,22.605458546147577,2.427698788448578,97.98504315198444,12.229686157398746
2021-09-20,-3.6962193143564184,-11.417670686656045,6.065502951351911,73.46252957500263,12.745171883061724
2021-09-21,13.324834356368154,2.4225276876772828,2.020916220212934,60.83662234183045,11.24892365994053
2021-09-22,29.481788236757993,20.872049267357724,13.843226833882639,74.82805605962176,17.875141492743076
2021-09-23,23.334587798939197,17.418767065672853,1.2458359626012538,48.351802080741734,18.388845371991813
2021-09-24,21.36570834478706,7.19257259016463,10.188442562995794,66.64262495213217,13.922149379277755
2021-09-25,21.611783779419916,15.243597470230302,19.933937077059536,77.57405928526383,13.8447289684109
2021-09-26,6.177101804888984,-8.32527173331904,16.279405390120377,69.33386990754708,25.713889947652035
2021-09-27,3.211632991902201,-6.248424737677356,12.304388764620217,64.10672803925945,24.73232120799214
2021-09-28,26.421251996533115,19.56992270814692,6.125072415732234,99.63090333398189,12.694895792018642
2021-09-29,26.455102760563136,16.036093286779554,12.47791672583277,92.81888572893561,27.84471109683148
2021-09-30,29.01825433610467,15.288795977340586,10.540829278233034,77.40435748956641,28.82037542506265
2021-10-01,31.09582486504121,18.773576000945596,8.521667677807429,74.16264167093696,13.16856355075102
2021-10-02,13.010407948742202,-0.05520352987229593,2.6142075348039895,77.23962878947503,13.860623719826371
2021-10-03,12.568233260923982,0.9803995938168093,17.732084304809334,52.078726469345995,17.64085383554897
2021-10-04,25.923283053504882,14.000517408326356,8.99569297642645,63.70826459585912,28.528020313341838
2021-10-05,19.24837688499943,5.7564203693462375,3.8924502364153013,42.36757197345396,26.907985828557788
2021-10-06,21.588509476596652,14.091829388004793,7.355187017545792,68.5327622492096,7.5641990645897454
2021-10-07,25.81067012462455,15.916420488193147,8.282595050578541,72.5814750374598,14.818268581785405
2021-10-08,30.05024038179048,22.838145963594457,16.550757911337485,53.664984166192575,18.834279743744297
2021-10-09,5.209782058319112,-9.666898021647357,14.672287611228041,97.84173082993082,17.578311813788503
2021-10-10,6.901232868797482,-7.53936052806865,15.386097872826795,94.56727665623453,9.846576698422318
2021-10-11,-5.770812707160895,-11.165080820845954,0.22062528857294428,83.32859412735435,26.470419279203867
2021-10-12,16.022606344827828,3.9668546196709435,8.32307996359523,72.00319772592175,21.923519574920935
2021-10-13,-8.382597679146606,-22.635080853303265,9.626883032706473,92.19814957886109,25.94770937129509
2021-10-14,10.951910815960709,4.146157364687373,0.38384553646113373,47.83914062940777,26.469106983736804
2021-10-15,14.419008561840947,3.7395562563146534,5.196264174900684,87.4305876564931,23.708896341643495
2021-10-16,2.894356345772799,-11.26052663010762,15.2057964624427,47.489248838010894,15.980265031242933
2021-10-17,16.587496725605483,11.248036939747495,2.742194114579981,87.65263975296432,20.263668875385612
2021-10-18,-8.627488752742776,-20.601691425211175,10.706202629051834,56.546054095081416,9.00913515299358
2021-10-19,-8.319331506285351,-16.29282158001086,4.30403744034475,92.62543486109134,21.841135436872694
2021-10-20,27.01702522968462,12.773063275919316,0.24241549287786546,96.64252562952387,9.48133139348202
2021-10-21,6.20857886350683,-8.502003588146849,4.82402915199083,48.92775816430694,22.34873976275392
2021-10-22,-4.2822769306651844,-18.724941821799522,19.517475098201075,67.76053630392362,10.739954018849216
2021-10-23,13.500946702466198,3.75880453589156,16.03074223765979,98.8592426897611,7.938782503755499
2021-10-24,24.64970988943749,11.029283379544355,19.191532886420667,69.00444615838879,9.132112253573936
2021-10-25,-0.2880537626420576,-13.73354774799276,9.75708087852725,91.8128513508727,5.049803380476757
2021-10-26,18.030071411855012,9.839066679422455,2.19472397355007,75.32389132787918,22.968490446338254
2021-10-27,-6.15936407528044,-19.448518816787214,10.95918977947386,62.51979447517611,23.310026226459478
2021-10-28,-7.674322547412654,-13.04439889456758,9.087546691199218,57.147013331552216,17.873333747831488
2021-10-29,13.910958420566661,2.9482596357461315,16.88714165479232,52.193385465165235,9.034070026384592
2021-10-30,14.328580472454792,7.028492099577762,1.9616516156848918,85.70789148266184,7.088858437767244
2021-10-31,18.684345567419296,12.478676709646507,9.764822740435564,63.19243040938167,5.478224160932175
2021-11-01,22.674110017519773,16.904578001227684,3.000973293879685,70.67652773204507,9.143704424130519
2021-11-02,33.91334357581406,21.950455817032662,6.493518537801199,69.53952880007091,27.271388374578667
2021-11-03,13.23351567355379,4.834766035873127,14.747141547755993,74.63674175398788,11.038421042542044
2021-11-04,4.533041282356068,-7.7146264329315475,9.520362587375331,91.93462873747313,13.85678318043039
2021-11-05,25.783378764591667,20.129815356602244,7.517765702915387,98.84436061500577,7.6336371120333295
2021-11-06,2.1874513067933403,-5.965452071512763,7.889525571400706,64.45505251442901,10.559032618704258
2021-11-07,9.753713931753623,-0.6411989919997492,9.188935368119733,89.65113532637818,17.98061426950513
2021-11-08,-6.469462839598032,-19.37669448798767,15.700330876741138,85.87166767928306,20.193817077391316
2021-11-09,-8.859216546304411,-17.046741575625113,17.84169377880469,74.41173708733439,11.133807854155275
2021-11-10,33.31917866050663,22.060264896136538,19.106693730078565,97.36282861671599,6.44330398062793
2021-11-11,27.619105423049263,13.759327940687392,15.738067725105902,52.02847093170416,14.775821728184967
2021-11-12,21.31883927421641,10.160207392393364,6.3081379149602546,46.55585261857728,10.855084273158354
2021-11-13,8.402882498642146,1.0732877511058083,13.762694121730842,91.23771801732534,10.488848080745049
2021-11-14,-2.2017555968119398,-7.44576341237732,8.752062481107838,66.3489889980249,28.99657006783638
2021-11-15,-2.960333079801128,-16.66132181881043,5.093412440921023,90.81813125242363,20.407512148143102
2021-11-16,1.2609304174067901,-3.9517636910970815,16.817431588518453,93.5854123117249,18.9219610793024
2021-11-17,14.715199911775422,0.9681831849334266,0.7685269792464999,43.74745561714428,15.394377588083048
2021-11-18,22.156816521502805,11.867445181230686,18.03523984270847,93.00788577916364,15.723608335753607
2021-11-19,19.708881952297908,5.3182049671689455,9.229549292494683,66.89914332216533,18.522625095952023
2021-11-20,2.597025362567427,-10.390806995169227,12.744029536165609,70.62594934025392,22.41074517590268
2021-11-21,32.96893762984374,17.98959652451036,13.187078444115654,77.59555066559261,22.553652404545737
2021-11-22,23.205361251309583,14.698243096792481,17.902354814130728,95.58295640380521,9.29234769263624
2021-11-23,14.945932363013032,2.274049473701762,12.733393643344147,41.14696566578584,17.502818801915673
2021-11-24,17.52743358054585,8.50812444445343,12.278671695201236,68.61060809906903,15.298952375852549
2021-11-25,8.882002809250547,-0.9167533937885413,1.3330408112137992,81.26332254583363,26.763174156734603
2021-11-26,1.1478945275520864,-10.127160104631614,10.36816043890408,83.3624174618937,20.78547303045941
2021-11-27,6.018770539306772,-7.718000602556616,3.003380016340833,81.55194589222648,18.312601660399544
2021-11-28,24.103074970896607,9.262240278903656,14.748675374429713,48.06610776448731,7.884866054472934
2021-11-29,-9.352293011660986,-22.03502715030617,10.24443841625349,57.963735302300876,20.140947233085285
2021-11-30,-4.776731177188769,-13.954398998862107,13.604555584167066,61.52293152502081,7.930097642005835
2021-12-01,-7.929881109021126,-17.143451131791828,0.8334580120476853,88.2662324607703,13.430164389143801
2021-12-02,-8.167203895646344,-20.543026911535257,1.6958403209160644,56.72559234487318,8.571049120358296
2021-12-03,28.495726280495326,21.107954822812303,14.326467761253646,52.64229783203219,22.301841175609223
2021-12-04,21.664603672101066,15.559862540787119,1.4416867199734673,97.44688114228578,10.156302845903815
2021-12-05,11.337822308929635,2.7916007325218697,1.425134555305172,40.531797106808135,14.79648432970065
2021-12-06,-5.597462770704934,-13.469852687245751,0.242169504697749,99.8692513409187,27.391869440469467
2021-12-07,12.122714380257456,4.1596331756975555,19.1300279659896,80.60927793144373,10.107909584974257
2021-12-08,11.306229685125455,3.9701521746263557,14.75016718918014,89.70815796694703,17.69512659896948
2021-12-09,-2.2059158540493167,-7.626847750412936,7.065028170041283,57.67716378077159,15.48179152915055
2021-12-10,9.523324215708787,4.344584868374648,5.930711625753105,40.858916660023596,5.453101026143243
2021-12-11,7.932713047881805,-6.94451084947851,6.994064594916991,84.2721711136918,24.81895283932032
2021-12-12,17.71325441234974,8.435523074991117,15.493070623623638,90.04867582004054,6.726147657864994
2021-12-13,18.57921428904397,9.735947817447155,13.227412221408288,84.42856791721115,16.85637552442384
2021-12-14,-7.961319560257997,-19.757792387188697,3.7039113573493587,48.57101723805032,19.016957373473748
2021-12-15,6.857567658191204,-0.32497122045943705,3.482186706681687,85.20567533541814,20.710661415364676
2021-12-16,18.16369620714064,3.6640843676383845,1.9679129942679463,86.13536692645846,22.215790732696888
2021-12-17,12.641131636103946,-0.2223185080515755,13.206054394026763,79.5124309402033,11.331809588067877
2021-12-18,28.542042853474506,22.647932830351913,15.287453244434719,85.96695596773517,5.249469416461235
2021-12-19,19.641213422852527,10.465405665003242,5.3009285665000805,90.75528638066393,23.0860915588728
2021-12-20,-2.667950781335664,-16.45913385695731,0.41889922061825624,76.81624685424751,18.391414983689465
2021-12-21,-6.824406366980657,-21.27172658989476,1.643433349528547,45.31628283818074,25.902942580181218
2021-12-22,18.908867519284204,9.234852406785507,19.35720069690061,69.25766858003266,25.53470907251736
2021-12-23,-8.806991025627019,-19.941104917734094,5.908895549548405,44.6589600802963,26.08315419469708
2021-12-24,16.35990115730585,9.689561696385097,15.384462956762672,64.45258186194584,17.127366499488502
2021-12-25,32.31036086412309,17.398674602753324,12.493271377085275,64.42638934753765,13.340709895921641
2021-12-26,15.896338004414552,8.579620990580118,7.6387927930579185,43.960590648414495,24.78895506478425
2021-12-27,7.4676466792934875,-6.959671062057769,4.113745243911103,60.92923203816876,16.282352825731373
2021-12-28,18.947969829905894,7.45150333998221,2.4277283631881286,46.65988592747889,9.586054910085863
2021-12-29,10.62138007211825,-0.455987876670342,12.300259360777332,88.49411260055334,26.374350489036857
2021-12-30,14.552755519217072,4.425870409051987,15.49267561275576,96.86128155786824,27.063996919308682
2021-12-31,32.36591639494363,25.059218277766046,12.878085070822614,44.338988515476316,16.657743903504254
2022-01-01,7.374618701034841,0.6093383809797581,10.606042664983166,97.30691243750209,6.892493182744687
2022-01-02,33.25357537207614,26.04871328137439,0.8390244686327253,71.3545959602047,14.695652247923281
2022-01-03,30.740778888022867,23.876396266580322,19.369775551887678,57.973940677232434,25.088441486565085
2022-01-04,-1.1893989344816607,-13.985243670149194,15.97428383309149,44.61172451656981,27.544350713655717
2022-01-05,-6.8787414606175545,-15.379994052284855,5.856440734019294,70.03745608422507,10.086818562439895
2022-01-06,-5.464989938015801,-11.043416703649765,19.599406587177015,87.67093266944492,6.674340300631788
2022-01-07,-9.180017845680263,-23.871044147088377,12.037631792726442,82.42518863600189,26.933761328320966
2022-01-08,-5.750066765983222,-19.58792561561748,11.648453164144929,43.01356068783843,14.735123474471882
2022-01-09,20.735304803736057,6.457781971783927,14.961463588590643,44.374110122074214,18.54402410668908
2022-01-10,-6.796510819289695,-21.74558904575405,16.23539576180275,64.17239695795823,29.20164530126897
2022-01-11,4.353903363219258,-2.3850491289756146,13.129572146630053,57.717429642876596,6.664118197855571
2022-01-12,28.019388993625455,19.056968804598867,2.5619149273240005,53.94305938336287,21.20795018630239
2022-01-13,-8.952762891887836,-21.53514764892875,6.765350119889968,56.86026993452282,6.852635564371677
2022-01-14,26.651081716502112,14.69087553596419,18.561672806520995,88.20896459781308,14.38672321166251
2022-01-15,2.683464864802996,-3.8554941985955544,4.492312236877039,95.75368321791123,25.095363629836168
2022-01-16,-4.682582757025468,-17.840914006931648,7.443340476750267,64.30616167165398,15.83680581889086
2022-01-17,21.35317244138678,14.108766723020171,8.64153765888392,94.36666012794981,29.92955884757376
2022-01-18,18.30242810509478,11.06425195686855,8.788099793889044,59.28974207487292,18.976482123665054
2022-01-19,29.48624060871738,19.116496379783246,12.25879164989051,68.5862191806275,13.029053815898838
2022-01-20,23.07819697117486,12.14879762275783,18.86151675489415,53.56173986895998,10.502783147618828
2022-01-21,26.156641867318186,15.355779788940074,4.8138542366501,78.42856253055064,13.763013357154046
2022-01-22,2.6915557657087916,-3.223312608268757,2.4300275260183613,98.73886691048853,14.31333184398877
2022-01-23,-2.0152205299124732,-15.789829156216278,3.9494097971987463,76.20958576260273,6.717841943099025
2022-01-24,23.777663823838623,16.12166339795156,17.73849800418539,61.46884504681293,14.23935498566933
2022-01-25,26.30756326702688,20.012414054198835,12.916216253104121,78.86904675943171,16.605962993480624
2022-01-26,34.5727313900303,20.685250591340527,5.718135784783202,47.375240707923254,23.068443805970116
2022-01-27,8.567795461014192,-5.9887195212833415,16.318938779372345,93.31954481592392,21.4182371180402
2022-01-28,6.740813860675242,-6.880462311979263,17.22739992726872,70.18503704679019,22.719141380728857
2022-01-29,24.938583233389856,11.843422486141076,16.930286773805562,66.96098452237852,5.209092046921428
2022-01-30,5.336159311385803,-6.2162604950044145,18.37853067279109,75.15188730721115,10.441684989513401
2022-01-31,31.88407965216041,21.375505946069016,5.044820403467232,77.48703176736414,21.542107209996413
2022-02-01,28.62857383293553,22.758706233821428,15.100838574925566,44.30654837359078,17.09973420449368
2022-02-02,9.304731231875827,0.22019910116884134,9.2107899454828,80.95703327340414,5.132836891708648
2022-02-03,23.78919805061738,15.06231288049424,16.83997105780123,54.515900818931776,25.11236606079556
2022-02-04,23.954429333810708,16.356891496207446,14.569813543232264,82.83715795039538,24.320239332258435
2022-02-05,-5.359425902383032,-17.59362703926888,15.528948929994492,89.3520876630518,18.710479074839064
2022-02-06,30.6148808005805,20.656123449792794,13.12323675362143,88.23751045315122,6.661583144406803
2022-02-07,12.736356760153573,6.925894601077093,3.5485753893941374,73.15005804447335,24.162876238314617
2022-02-08,27.190585974848375,19.988753955350262,10.900538377938766,71.21019353864507,19.5928396932841
2022-02-09,4.402232046377529,-7.430355590218431,19.693394790490164,48.5725576803647,24.548999428948978
2022-02-10,30.298545282329023,24.53723668742602,18.747761329942378,86.52076902418813,23.79367480989601
2022-02-11,7.51407554303734,-5.997993597450348,0.8634747159402334,56.28456282680286,25.07505179894593
2022-02-12,-9.512305683386574,-19.463770953526314,3.2962963145887425,69.80172536907679,17.95020166011562
2022-02-13,30.742188938866867,20.93632316560039,2.634575469091238,57.056445575651004,8.508112954837875
2022-02-14,-5.89209954462399,-16.816177391219163,14.51959819970591,48.029701779981586,21.778936834492217
2022-02-15,4.3691136915686695,-8.877695967682822,16.3557065971389,77.77346181350418,20.511844626299265
2022-02-16,32.75278851728622,24.27469643826429,4.270227326213439,43.25992208937423,23.55632967997718
2022-02-17,32.77732161219002,20.997160086599386,10.11705385903658,84.918714047572,9.247025151268382
2022-02-18,15.804704965547874,5.147385325589962,16.814060560224,59.055207715666995,9.87437999750723
2022-02-19,18.432674547640968,10.762391845946755,14.656030895325012,40.00808158026912,27.26023793048321
2022-02-20,10.18004848902439,-3.60625137452719,10.844744109836967,70.6677483542338,23.74944496130177
2022-02-21,3.194484726412904,-9.779775489656377,11.806953809175457,42.811114511656186,27.705712217508072
2022-02-22,4.789904541646218,-6.794613804938036,10.1672109383256,56.57017346925397,23.96788302909802
2022-02-23,20.263330523466728,6.757513232524309,5.950969026376411,82.41858924734296,19.928882649757547
2022-02-24,23.856853824695598,10.183911815097574,11.300439857180322,43.76137729731195,21.35331842569684
2022-02-25,25.621056967663186,13.537427200512838,13.777706041001814,90.36030954136014,27.228198098500247
2022-02-26,25.532816425754923,12.162683142118203,17.466458317216155,40.22919535951499,19.470168862798513
2022-02-27,-5.895725362808934,-17.870439979501768,12.725827079584962,54.809432152114134,20.809783108209686
2022-02-28,12.248913711616165,0.44750599401316116,15.22243074086316,84.45424336912428,8.911917900090014
2022-03-01,-7.409855799251007,-18.595969581402848,3.20143269909146,58.97620898375841,16.848030502902567
2022-03-02,14.7287997045681,2.2016333089916884,9.231149488395797,46.11354328396081,22.909927798952474
2022-03-03,9.868872561801965,3.282821508871228,0.18663239654186592,61.61403512802568,11.773567457909135
2022-03-04,29.94668822412349,16.13798063213421,4.93357729043246,56.22359718307153,10.056354513113373
2022-03-05,5.791175564843542,-7.9272597126087785,14.529234302260097,90.56271412963329,12.84567020561039
2022-03-06,-4.731984260757736,-10.024457091103327,19.83619902698727,58.80087505510859,11.037515699820837
2022-03-07,-3.5653743076223865,-16.823541813270012,1.9835619917443181,87.33594830656043,10.372815925909897
2022-03-08,24.267978427286252,17.9792797525518,8.029886317225765,93.51232868864409,15.621271071702173
2022-03-09,17.81981284923175,9.46862430664033,16.00141937398319,66.02904517459177,27.695962847088353
2022-03-10,-5.449479574474439,-17.884562137390517,4.080712692577977,94.59658863126353,17.676491168467955
2022-03-11,-6.215193724825116,-12.822792685308197,11.101698986045726,62.63908323779157,9.698009520383076
2022-03-12,21.5436109156604,8.363940674469777,14.661425920593496,97.8447049894065,6.9242917345218515
2022-03-13,-6.725664713611291,-20.04700649318871,12.319709005203581,45.35737147153438,22.40390362844813
2022-03-14,26.98370266806603,16.909025330457666,3.7604946923083227,81.22115599019457,14.569969110909696
2022-03-15,21.78090022204233,16.717041504873993,7.107691373714788,69.62884242741572,25.54577366463398
2022-03-16,-6.339304871114511,-14.209686202863638,15.675835689707945,63.25892832733882,21.487769216019256
2022-03-17,-6.1823028661663635,-17.351572049923785,11.084530282640333,77.96271272491606,24.90603626353421
2022-03-18,34.3987810325529,19.586919252278662,0.10459227085825473,82.23142549805988,11.798650985461219
2022-03-19,6.842185809025416,-4.475949461141267,15.219815200561877,40.261796179018546,22.30897306152645
2022-03-20,6.678896618010093,-0.9191391926315049,0.7062270988047814,50.01718532483192,11.601549617342968
2022-03-21,26.575980526587614,15.2359234955915,14.914675654624643,82.78276303805913,28.47671198625729
2022-03-22,32.62618598227364,22.226332185115083,4.049611203304748,79.98312481469239,20.90935703833436
2022-03-23,34.37004787202919,21.571593920517753,19.161469602387605,97.96285030772063,13.112795004383552
2022-03-24,23.902018336652375,17.832211948382792,7.35881502604169,85.66226741504698,11.737796557306815
2022-03-25,6.93168134889121,-5.678597676129069,6.538632326761582,97.04636246388029,9.773164626791088
2022-03-26,-6.242467748559905,-16.655133535321006,2.9777610066488935,82.15243009208842,22.366023972343196
2022-03-27,24.971611216734658,10.341691178144712,6.112084309804297,57.883132518366594,10.467890324948183
2022-03-28,15.128191238111228,6.7094695777243665,17.53301523656401,46.32189533505139,19.882581648187227
2022-03-29,9.089990416113931,-2.23622851522555,19.926686752544946,86.90943180069613,11.615875673133933
2022-03-30,30.785947329263117,16.465666274162942,7.366190610136966,78.64895328855496,21.549223619846714
2022-03-31,-4.996113296223189,-11.021210576129981,8.97221261909085,42.89116074359777,25.37349321351348
2022-04-01,12.168129693088662,-2.2041551792758494,14.441418764054742,61.6030279540587,24.45063107861633
2022-04-02,-9.489085985466142,-21.367943208474273,17.72391560930149,97.40798892905717,24.021283273269542
2022-04-03,11.089728889735682,5.411358298683963,11.860886683735682,70.02406874261207,9.693060142306301
2022-04-04,-7.4663525943173195,-15.475988263785482,7.830513963556587,65.96374816118228,7.209623674612968
2022-04-05,-4.653193767936764,-16.73491465438958,8.252436816972475,67.46197630955764,22.47372071218464
2022-04-06,-4.7113188950302805,-10.384824909717999,13.912362929936137,52.53296344030982,14.208680344858783
2022-04-07,19.21446359522286,8.392758993460127,0.06436527208557363,62.122430251887714,15.808655660083682
2022-04-08,23.57201956694405,15.113188997414483,12.391786749196815,62.188795359230596,5.778727319834776
2022-04-09,16.251594429372183,5.042439251697413,7.109860208827148,43.14130121124835,11.489411231876229
2022-04-10,33.29776468135439,27.84034434322926,15.883946625541686,86.0540577110751,5.841910096861601
2022-04-11,6.8691760785666816,-6.84619198295708,1.8598127964626432,64.99026591423274,26.97964431503119
2022-04-12,2.857043882683733,-11.877845809090235,11.76404533896781,89.3307932089854,11.084917080463262
2022-04-13,29.086960768525714,14.398182215668799,9.619457797722475,91.02088006719373,18.9334292393252
2022-04-14,0.06181273337536908,-12.434705584053878,12.846510518104548,52.71964328191949,5.974483016528261
2022-04-15,33.345014274827506,27.044151873521187,1.297071889659367,79.44120893020772,21.67118478264145
2022-04-16,-9.453048638958265,-22.03568059824849,11.599675748562625,68.3369082497789,13.075683643852347
2022-04-17,33.64454720184376,28.398678037255742,11.229691759190475,92.8094042752891,27.447979673941646
2022-04-18,-8.057803962224074,-13.279039477514047,11.213201888323418,52.94444075058725,27.202954723350896
2022-04-19,30.1014401164132,21.86533792491779,12.069753331929096,80.66879201860266,13.132265459043694
2022-04-20,13.746549908883495,3.8601180048368366,13.529358744527244,76.46512733516334,27.524022392261696
2022-04-21,34.68341582536851,21.979341647290582,16.099779993615396,57.718088654309966,29.90394183746947
2022-04-22,-6.679154586907051,-18.512108352972106,5.396414402564287,48.196054219070355,25.6353916030987
2022-04-23,14.923442798059437,5.464415734291954,16.500988203601242,79.09838562863659,26.121783693880726
2022-04-24,33.61861410285945,25.882347440042793,9.965113645269073,84.31584748793983,11.225218402727247
2022-04-25,13.539402987656697,-1.4318420139204147,1.5411655826866233,58.937640625800995,19.417559971443907
2022-04-26,18.322938716086814,9.061125693727085,1.171018584879584,78.68995624133882,6.681397849184196
2022-04-27,21.30869100430777,11.794820761011017,6.6847663739212155,63.7078544566902,7.372948420541743
2022-04-28,10.454347914549796,3.8181097026331043,15.697939542229351,82.79241299695707,29.972315300832264
2022-04-29,18.240113603782856,5.292018116283561,14.153618694818315,51.95291649364319,13.165981235647774
2022-04-30,16.29414403653951,4.357321778724625,15.772299293448128,93.41290015817046,23.70459780122116
2022-05-01,30.552110472094505,23.3444143442069,10.345381128832187,57.244575787934785,25.16662632567041
2022-05-02,-7.954912884634396,-13.778723340792823,8.80397995910981,62.06715926536917,26.45058177518073
2022-05-03,2.6433435316503644,-9.161649489096765,2.949050534125679,43.48551712482099,29.940707435053913
2022-05-04,32.76851678344514,21.22340464063379,6.5638550721862305,46.690732739276584,11.037412131421696
2022-05-05,30.061870275091238,22.329275005109146,8.680387323477506,70.95171416273969,6.008770671492493
2022-05-06,10.504553875357082,-4.004081747147021,1.7720085935923446,56.05556060367829,15.27978794986465
2022-05-07,17.905966901069153,11.39538798326015,4.412239054224225,90.12881354453165,8.252016745723674
2022-05-08,2.482153234150971,-6.841194776275049,11.964505881274777,40.88160331929723,5.560647229051378
2022-05-09,-1.5345478124307412,-15.970707014106729,14.713262284783797,62.74564292031617,14.010670678537153
2022-05-10,10.866428222299199,1.6691550530379757,19.966950227858995,60.24073280614556,24.59345627688091
2022-05-11,5.900850261172376,-5.484409215468478,18.662266626871155,41.15965785505606,19.15451728062677
2022-05-12,16.264525033289242,7.2885810536613,12.85130399070383,47.462103940030616,12.819449730258851
2022-05-13,-6.501941336575682,-14.244093360062383,8.42496106588144,64.81856049511812,21.35855013731799
2022-05-14,33.847766344977494,19.007989865379212,12.723547294164653,69.5718750668468,10.800454507720268
2022-05-15,34.37948350158213,25.2861434384317,15.71303236160464,64.25738483529214,5.359536151802126
2022-05-16,21.417277130888532,7.476285094097188,2.3667238184677464,71.85626070472563,24.108834660910684
2022-05-17,14.124336485485419,6.824790426574557,8.198097793925765,75.70790049434089,20.593577121600227
2022-05-18,3.928742732884748,-3.2023043073660844,16.796045712712345,40.59542926767014,24.057565612523998
2022-05-19,26.620775886812687,21.309435057967573,7.67665903866088,67.84570956721024,5.97345041719164
2022-05-20,20.812902764924566,9.296234511165714,11.43744542454373,97.8099544532553,25.927990695766304
2022-05-21,-2.6822377294798914,-11.367501166717503,11.755387217243964,71.14193680777292,20.488155000907582
2022-05-22,30.99172330222291,17.34814080382654,3.689525062672787,80.65253604753718,19.084883767816002
2022-05-23,27.014175931542603,17.28207686462703,7.244708833045768,58.71183147501299,20.615351202863287
2022-05-24,32.740996098136584,18.059061818989367,6.690225774838643,86.43948268916574,26.6108311717091
2022-05-25,22.6573778774762,15.802122720444988,0.5239341706412959,86.3752889125669,19.673412663972677
2022-05-26,17.603683817110543,3.9174521375544344,0.4838352778271049,71.27776285924834,19.523759497204484
2022-05-27,8.82093663307785,-3.945031894839568,16.63394087351547,98.56082939675281,29.766978926644146
2022-05-28,31.972781750930594,19.263563304490074,5.461416199456249,47.533012885759206,23.9182541767142
2022-05-29,28.972875027518377,15.5250427463495,10.36157532477631,41.01685989337486,16.057345136278382
2022-05-30,-7.965159845221477,-20.575399754651464,5.974511471775461,86.20949270542576,22.684925000823192
2022-05-31,-8.81348614762366,-20.075689363937812,18.81358490230681,88.42933224189295,14.730761792294713
2022-06-01,6.940851509512232,0.6284027326883557,5.185935177315475,47.21243374723458,10.721886562087475
2022-06-02,26.47489988518248,21.14963809026996,8.593136254778702,55.93496997751636,19.921296922193985
2022-06-03,34.4274258191725,20.218947341015628,17.454605009692038,41.05314180199773,28.204552452848787
2022-06-04,-3.2312399003412313,-14.397743045548612,16.838671335836175,57.598516646833886,28.22848800038657
2022-06-05,16.73588219084608,3.7705092810843173,3.7220283569255463,86.38851243512029,13.547631952637257
2022-06-06,7.140088548395969,-2.675134966729532,16.05286619591421,71.07763166275474,18.191936655542374
2022-06-07,33.646147901657145,27.4730660120332,9.163737734757852,60.88573559009728,10.29089746424653
2022-06-08,27.89535154110689,21.643493619081386,9.659377441707104,62.30435769437982,29.890777737472085
2022-06-09,27.724791712001206,15.869138839711493,2.6695994483188756,40.08121754292809,29.527947696698394
2022-06-10,11.091192190773661,1.7881332417790343,1.612030275142493,57.98803165391415,21.237723242686183
2022-06-11,8.666877605194934,1.661630338191566,14.558786139475304,78.78752449827583,25.110351491936836
2022-06-12,2.303318236881781,-7.612627230532588,9.929223047105996,98.45166662898143,22.8775040320925
2022-06-13,-7.463102650708279,-13.10519202145962,8.737014052303591,90.82364961903397,19.828955475986703
2022-06-14,28.912506931477395,18.092792912333408,14.590164573047934,41.41569787873175,6.333699924722442
2022-06-15,26.58054541085349,18.89061136650251,15.310257979822195,93.91363628049035,16.369108563816525
2022-06-16,34.987295297875875,22.011704291503992,3.1781633533870712,86.99190479791756,21.869657554185263
2022-06-17,34.84865766832574,26.745038079090005,12.204502989552825,86.82256741425883,21.938290347092117
2022-06-18,14.994426752118237,5.442225261300225,2.7070816455537106,67.47974554021428,14.32806546055959
2022-06-19,24.60443368312297,19.488228284041963,15.027501720580913,63.88031757727017,28.542299666450763
2022-06-20,32.51445784470926,26.789988966763673,13.13910312534279,58.174943729991554,9.183925805919525
2022-06-21,28.234132580483518,19.309197016416668,19.13229242166916,43.941691537261946,17.508986155389017
2022-06-22,1.130664578443895,-8.66872376872734,1.3791603271284236,53.69412180962195,22.27209941377057
2022-06-23,10.274486088954209,-0.7257193922388279,1.1410944230250863,54.79621809868148,22.42839514729523
2022-06-24,-4.187826318182726,-12.104452105275758,5.6437414938640025,69.0446241826121,21.21597391922039
2022-06-25,32.93229622664251,20.98247736537708,5.234113674718119,84.84666439580164,11.882205336296504
2022-06-26,17.2778585502896,3.6766345783975556,4.939575981439996,68.4285897038768,8.905164217165549
2022-06-27,0.288926247655823,-12.509583641277676,18.125091610420732,43.47066696682964,20.89850817066777
2022-06-28,20.226530798263553,14.830342544779981,4.990923996990122,97.46738805929223,19.982552903485946
2022-06-29,17.815770820605312,8.010701348027023,5.43899452257262,96.56345914564673,9.483900257231024
2022-06-30,6.117322311477821,0.06802052729607233,15.187965248359275,87.1113725889045,22.628478639264085
2022-07-01,-4.889908351016694,-12.310358509641969,8.9947968490108,99.47967409385323,16.37929979334141
2022-07-02,20.22079380167598,5.354167869004517,15.534211139103624,72.66893996801578,21.694014790078825
2022-07-03,13.413846540670697,6.9888911116555645,1.3073231512877048,97.76610101519236,25.934176994253768
2022-07-04,24.754327628103766,14.765446093590207,9.751423873467687,44.53630243700505,9.243210714423078
2022-07-05,13.407357550039702,2.225800206858512,0.6722720036656527,61.940844895682275,5.478621699920917
2022-07-06,28.348167514334307,16.323517808893268,1.2530640691070905,53.52287608040595,24.477564659894668
2022-07-07,14.835807744851849,4.239320909982707,18.12874906688822,51.7499850480562,20.2424356288154
2022-07-08,15.242208719092382,10.144500244900545,2.7849074223519033,48.44817693356056,22.49098924055304
2022-07-09,29.449412119625528,21.18479903718561,10.648413645504341,77.34481849395979,25.953874374716065
2022-07-10,8.156728979557865,-2.0203874542892493,8.221912052014131,86.8793113448383,25.07027337061251
2022-07-11,-3.969314719721167,-9.8479797111695,6.946866525176853,74.69790396522164,29.023003673220618
2022-07-12,-8.704779565899747,-17.211048877991555,17.99666691374545,48.817762575292576,18.398376971302955
2022-07-13,23.981176505312852,18.649145417399186,0.43646793550979,88.66742619600825,17.212390816497635
2022-07-14,17.91392981090591,12.128144839355702,13.275793723511782,78.15728242982371,15.047179997268252
2022-07-15,21.68358956446506,12.7143568024491,19.267888684271007,63.28994236761973,8.842276071105113
2022-07-16,-0.4166127320990167,-6.74377027252962,11.20336366923684,80.44781773216377,19.31518082205056
2022-07-17,-3.863283598595361,-14.538692081210941,18.736449240661837,55.59429875456997,11.92531310814947
2022-07-18,-9.345490044945313,-21.24013973631797,1.0451575857204753,60.71153250965263,28.032687805324386
2022-07-19,5.7764401462968635,-7.229426844793965,8.375866381483227,95.04915058791941,19.57977010692744
2022-07-20,16.54629590845849,9.54479346601039,5.203155819241023,57.43027034028522,19.821004512702753
2022-07-21,7.650982029487956,0.976156206897258,14.616419299614595,68.19929608947619,13.873116521925251
2022-07-22,9.686371491067806,3.640693087723804,19.625941809944933,93.40846824376088,6.299733799442687
2022-07-23,30.68714125221868,19.322838756782314,5.130601248884956,82.46328101605164,5.7935941343247155
2022-07-24,5.671496016048515,-6.393261248820497,13.083492029481489,43.73219356988216,15.583378603829937
2022-07-25,13.129527012191485,7.813665563935064,3.9619526551948026,48.83818265673822,7.114134452430946
2022-07-26,25.26438557335144,10.902263110914541,11.306605091432198,40.470495446315006,20.17117388850348
2022-07-27,7.844425204457156,2.324712367942432,9.278649733766724,77.85530741374981,27.024325140991436
2022-07-28,17.993901510254307,7.580938157243603,19.44010659263074,66.8604055246251,27.072870412968054
2022-07-29,28.80636689360353,16.715761699094365,12.170545453929332,48.05649105413653,21.47613525330581
2022-07-30,32.72842806459389,19.018736827133036,6.990127441736376,97.47604726340623,10.280795786823276
2022-07-31,-3.381693358193293,-15.52256267951757,2.2819156977586674,71.7795834367372,26.574920783971802
2022-08-01,31.696443132267248,18.679162301569328,3.024936574698691,54.51359764677335,27.152335882830204
2022-08-02,12.145233188579219,3.7507312631511596,4.506338599024701,70.03621426928245,9.916339623823967
2022-08-03,1.6209974734531265,-11.527253664011996,5.01933322680596,80.77721996410646,23.435652144266932
2022-08-04,10.661109030721757,4.859960566875006,17.012321156822757,44.57435307841387,12.162988723178074
2022-08-05,34.101465887846466,20.15329932724119,11.224455765650498,56.482228902873516,25.06600780882324
2022-08-06,12.16781422967913,1.691890468141768,10.467818227487328,88.41792945303962,29.93094749759007
2022-08-07,4.79382246293787,-8.379155236687067,2.2953774373843494,67.57989222415968,5.750650133234821
2022-08-08,18.50303844425266,8.979855599069658,17.2027938669887,72.7946285219377,27.434146644773296
2022-08-09,0.8065528450186878,-10.62922410694656,14.456286064169674,65.96896013256816,20.565763339966452
2022-08-10,-6.586150235110123,-16.850176844471257,1.3533672380000317,42.63399655858031,29.334565479120528
2022-08-11,-4.200412514020785,-16.516307731574102,14.156701944595373,49.94498678920935,16.62523793816069
2022-08-12,-4.23793724690024,-10.054237067206136,10.870764346852921,66.73249832451346,26.184698264284343
2022-08-13,-3.1643787919467545,-8.767899631852393,1.634506914935565,52.551127924475665,6.559851714956931
2022-08-14,-3.7527772307765437,-11.223809570878007,9.166012830573129,42.99874171958072,13.381976251957393
2022-08-15,18.839363516144658,12.243916715012775,9.693925742600939,90.61897984310943,6.675413443780249
2022-08-16,-1.8153962020384835,-15.5332318679605,3.315490803265515,98.87155174984696,29.383578336976765
2022-08-17,5.555027749573844,-1.637112124006599,18.913962940005646,87.58857243980437,25.42434768179592
2022-08-18,30.35547844577053,15.596825887579216,16.99950742961324,91.22709530228002,26.31368553114926
2022-08-19,11.328273811829256,2.9593158941181876,13.380446746582166,54.518627819022726,28.449130785847355
2022-08-20,20.040098233446223,13.21891907655923,9.245911220012143,97.63761853079198,7.127587152994634
2022-08-21,-2.2456057959266573,-15.142590867351448,8.235310831690171,51.8155422672057,14.639939812833335
2022-08-22,-1.3469941536098151,-12.934071908618575,13.019469343019082,97.08578862170994,6.775872226100053
2022-08-23,-8.16091226800845,-18.14286943253984,10.908637388138109,99.68915763795707,10.269827538750715
2022-08-24,-2.3979221617525956,-12.95155767112891,1.2454621176377123,82.70336834476292,10.734144425941809
2022-08-25,2.536565256438138,-9.6554525262845,10.250052975406634,98.86862390750932,16.727680276189467
2022-08-26,-2.0345282075463933,-9.31907562085938,16.12807234465679,74.17238677402622,11.714054186341064
2022-08-27,-6.0083859809324975,-20.971725141499917,9.18479755193916,55.57250699056542,7.5244526704440275
2022-08-28,-4.571385800472964,-19.319317421940795,1.0391315510853683,66.21975313993725,9.187277227352693
2022-08-29,10.735044561472659,-0.7682123019967104,15.725563987680662,75.61365612272715,8.681889088802272
2022-08-30,-0.714982671739337,-7.710407181030789,4.027275642719488,44.3848937216209,29.326919947807458
2022-08-31,6.392143747163395,-5.410138677149519,5.1724166977607755,77.34059587703476,23.98231267296184
2022-09-01,12.65377718846856,6.931793098676801,3.294127068645918,98.87067020573767,29.19403663173905
2022-09-02,21.067767288321438,15.761242266263377,6.60430129742995,51.406458987023655,15.993512162697714
2022-09-03,-8.230953707150547,-15.807782592262685,15.1350301137727,87.555706977303,11.959212041566415
2022-09-04,25.973467950906922,16.34723838351376,10.387717190078746,94.47392762677717,24.957329930229665
2022-09-05,18.25551752709085,4.572792473007043,4.097625483014252,96.62209556921326,13.15634795102867
2022-09-06,-6.320843562300764,-18.592534259963845,17.556601563040818,97.60813626432683,12.484584342633706
2022-09-07,29.311038084804977,16.883972872805167,17.591637099030585,71.28757832328832,10.812649805195779
2022-09-08,31.439258023931593,22.18432467945084,17.41156850092014,98.63847447949021,8.241974455605884
2022-09-09,-7.251491806531131,-15.71084173200076,4.775924227630785,85.43861242806634,11.41157652541915
2022-09-10,2.459494166624168,-6.250893463221859,9.024786883619761,49.700286174217716,13.882993711847192
2022-09-11,26.279057590687756,11.402561953327178,19.699793122817503,68.6140063880782,21.84985520364326
2022-09-12,23.671686067264623,18.270594153139797,15.440249526199807,83.09987052232023,6.564121055486289
2022-09-13,-1.6965541289630206,-15.366869090187507,0.5433484245111964,54.840418949145004,10.262673491633574
2022-09-14,-0.5792804498480368,-11.366034535571972,1.304091825209841,78.43691101293325,25.22559100729191
2022-09-15,6.671244625612189,-2.7149095662837155,9.278627536246656,79.99602874279715,8.67304808959427
2022-09-16,11.803534333595959,-0.449042270555406,18.184404117231203,49.76198462851396,13.566128663063038
2022-09-17,17.821464718863318,7.954775304616289,10.774035959054284,73.90511874716537,26.616473046453503
2022-09-18,6.601113780639757,-7.133118600176848,9.956250160685805,86.29761465871647,8.873132778586067
2022-09-19,10.814062225991655,-3.19295641412093,2.1094739991326117,69.93373987215651,7.068420890454748
2022-09-20,23.636192216019047,14.418982947284494,13.135602094485881,40.72618700656645,17.11344987700027
2022-09-21,-8.349255869923095,-16.11753384227361,16.44206321200451,40.54230814475753,12.56048778196341
2022-09-22,1.3596624954809347,-9.563840790452687,7.608400150151247,61.42176063820073,19.08520911209635
2022-09-23,22.100731364804858,7.977097908637948,15.51223701850655,95.57164410590693,25.09512226208688
2022-09-24,30.28430769592397,23.177685805867306,19.289533078016234,53.72060677621653,8.428712203818579
2022-09-25,13.025484895204976,1.7958190595701478,4.075329182553782,78.06182133230124,19.517477113857126
2022-09-26,13.945106836939203,2.6295046360139978,10.466592623894826,53.324552241599235,17.637719009746597
2022-09-27,-5.177259489710078,-17.50838971386289,5.742759161691511,59.300199379572916,8.60196965032999
2022-09-28,10.13355650705546,3.8178796557828614,15.857088380676787,90.88252537608903,20.599962138224562
2022-09-29,13.967776990476043,1.8095273436551587,11.55186731762315,83.7316865361968,11.841010446519292
2022-09-30,0.9111726635628354,-13.179152543093574,12.691648351006075,45.723956638792636,17.19585796360031
2022-10-01,2.1159453927221428,-4.680885695980277,15.958283192317882,65.72212125918603,7.056808106926547
2022-10-02,6.977787339708019,-0.3976459095307572,7.919409453249098,41.75018581871587,16.489601430340578
2022-10-03,-9.096796100002313,-23.81074704041871,18.301801368140865,68.85340879618053,12.661586701070508
2022-10-04,4.493562451243022,-2.3162070758518754,10.6605773449228,79.74604070206408,25.559530279633858
2022-10-05,-0.4848396851554906,-14.028690618851282,3.15909645670696,47.11015741588909,6.424468174934207
2022-10-06,4.737380848006159,-5.1853977164741885,13.91798236337605,57.333096334549936,15.465181872958249
2022-10-07,-4.610704068133695,-12.083014812165466,15.865227008765089,63.87019753012942,16.46078560328595
2022-10-08,30.07372763329527,16.366228620570155,6.335233541350533,95.17186147936299,23.125151907477967
2022-10-09,16.71166040993219,7.258607859905535,17.14358513997506,99.59530092537784,19.357189377255274
2022-10-10,20.559604361502032,10.41143082220513,18.122865095315326,42.69467793973695,21.680308429854527
2022-10-11,25.512705737330222,16.920372043332566,5.538089747556178,85.66047540972352,24.4262321412939
2022-10-12,12.429898951807576,1.500390437458302,19.67042945430444,62.30344398414059,26.55507434145472
2022-10-13,-6.088587036065934,-12.72382576191616,2.8142305609751683,63.547491173768805,12.846887418061762
2022-10-14,14.169794381834649,5.258979015317042,4.0403133680498,85.25589840082137,18.450567634097574
2022-10-15,16.407850310939562,1.7137270875866868,3.6844967847605226,95.10558592872451,26.002701960979998
2022-10-16,23.544776338294852,15.963442011283577,17.87979420015741,97.0557156701529,29.736278274126413
2022-10-17,9.424679580335571,-2.14268706507735,13.085851046499236,74.62735516229924,27.23798277609408
2022-10-18,-4.258886374199631,-12.510787016446578,3.0420856644454575,61.42726955803017,14.28668156560942
2022-10-19,2.7699157609426006,-9.964815495923405,8.80646836736698,87.25294515152675,9.879162930466261
2022-10-20,6.338703337938579,0.029966730755081272,12.30596050139604,55.060082995738014,17.234813435164718
2022-10-21,19.066275859922055,4.368065409136607,1.6692816997876658,73.84444173001106,23.541036295901055
2022-10-22,15.685023710101035,6.147128296264643,17.648327368146774,61.51470769149239,17.31422676883244
2022-10-23,6.024352665403082,-1.3361519680615572,16.072070708830704,79.39786442247257,17.079521582841714
2022-10-24,34.39318619568409,28.65821872238396,10.104135471532764,54.42393477361041,25.955760527045015
2022-10-25,17.259866871059923,10.562287820184515,19.342532305183408,51.49557674408955,14.035094476679658
2022-10-26,0.6752056281197518,-9.522533857440425,8.355219585501994,95.09434520052622,26.49486687029114
2022-10-27,-5.419788732081832,-13.789820496394695,19.682206380729955,46.10822097697221,15.170120023793089
2022-10-28,-3.1213387367050585,-16.410172395531152,13.35839997607254,70.3574744640959,13.205827641958486
2022-10-29,1.0680977773028655,-8.240777459315193,12.693425465078828,53.251166977780535,16.349747779992477
2022-10-30,-2.769338203319995,-10.256480929196293,3.3190979059157,42.335797799540046,24.06117396687171
2022-10-31,-1.6044839176912404,-12.775933783731542,17.63855516609288,42.161129097485585,8.150050696599857
2022-11-01,2.8292825912231194,-9.238489577631338,8.549793758412303,50.51330632634964,9.910480396800434
2022-11-02,-2.198188211736033,-8.868607290745532,3.244668115649587,92.00622127036002,28.7861206415773
2022-11-03,30.354444108189135,23.67825194530596,0.2521503995151808,56.9487246386216,9.387290684533934
2022-11-04,-6.3894814452261,-11.75619571456153,11.19511367276765,97.02755023451775,19.193182948276366
2022-11-05,13.60301253066146,1.2389923800050546,10.547992442453527,74.89733757935161,19.482861666548445
2022-11-06,8.467857214534767,-3.170188061683284,14.387072447383172,66.19685138612596,17.24061155125612
2022-11-07,34.20703776088729,24.46072900338915,17.805161060356042,74.80533008016727,21.118631214420464
2022-11-08,-4.9582494024376444,-18.399953892129616,1.5881316928605904,71.00190311357606,10.74566814494046
2022-11-09,7.903501957058374,-5.153199572442158,14.629929806807247,85.5265752254395,18.816556694418708
2022-11-10,33.6261694973916,22.77262585342408,3.7482388819516443,56.949763958371136,14.304331381172428
2022-11-11,28.94782066522911,15.265107860096522,17.163541063143278,61.183023496018144,21.541681490729726
2022-11-12,26.7682431927176,19.709831092349916,16.38127027723312,93.64565815199504,8.530588584328736
2022-11-13,1.6056272170222918,-4.513568976954987,10.815875099710887,96.78739078902433,19.271935420986907
2022-11-14,-2.3100585674470384,-10.007554682616934,14.20485597246623,93.55349364918847,9.631758884583093
2022-11-15,20.088944896599394,14.518076335706244,6.287002263674967,65.16687963743881,11.96607657787591
2022-11-16,31.82191951074136,21.51022423073104,9.423357978656293,86.82193018041289,10.46774500808958
2022-11-17,15.054330185626839,0.6882732626772246,16.432737954209433,68.58014399806592,9.570944496720427
2022-11-18,15.722571026145495,10.329135619460398,9.185303943464278,69.85239112876613,25.642773789016676
2022-11-19,2.5990592147127884,-3.6220399253874795,7.155965306508836,52.28080654343704,12.142689191522258
2022-11-20,24.62718199363716,15.105191710802806,9.884248945005998,75.46781819551099,28.178094546611234
2022-11-21,-1.583031314911448,-15.921781490190497,16.56498504874437,51.16815386520088,29.24816313362977
2022-11-22,4.565565638190966,-3.5959954115765385,6.704160947417455,59.89388194403163,19.281511748427434
2022-11-23,9.144639737738753,-0.9277083491451705,3.475231862714876,91.3018120971961,8.57502806664316
2022-11-24,12.842467040800475,7.426738450296554,14.240280406615614,52.424548552651316,14.363706084489532
2022-11-25,0.9084379586786113,-5.574994050942277,16.519564254161637,44.269497110405965,24.94330658370535
2022-11-26,-4.832342886735841,-19.69864411632431,2.0127495704706666,44.14045555676898,14.184768217426761
2022-11-27,17.477901909873466,2.826714945513011,4.7974822551188945,96.44707123018648,7.1754304575697185
2022-11-28,2.9883748958115106,-2.0610249135325853,2.839439795219878,70.41522627771008,18.9196227732047
2022-11-29,16.155719964017553,1.6376021097851634,6.9588282316433325,64.5647243090211,26.12802128740087
2022-11-30,-3.0536778126608963,-14.444877190815902,9.007019578108252,88.6527148604751,24.89815967858756
2022-12-01,11.651304583466786,-2.0278783617334355,14.976526739266129,90.14955567463096,9.37807850325883
2022-12-02,13.966524464821365,4.4191259084827745,13.022951697633482,59.93146198693628,21.819115360311667
2022-12-03,-7.667940842990789,-17.82390112878329,12.418571349568623,81.6170834484277,10.512606585891177
2022-12-04,5.147192518726426,-4.7412732838427765,7.047498932193088,86.2673689511132,10.455188363804305
2022-12-05,-3.9513395377461595,-15.619982113207202,16.8289510616952,79.27904121195726,26.85179433262963
2022-12-06,-7.148126328725452,-13.54463887628858,9.42574334796329,49.095704488005964,11.241723818505754
2022-12-07,34.54821045754753,29.248474558820753,19.58209876030309,92.55298501102342,11.58118366295028
2022-12-08,4.505923023862534,-3.573376392049374,12.682842765914737,72.34567316416053,5.016334769032489
2022-12-09,26.44435006345857,14.397542436092104,2.5252948312900547,56.94834558220022,26.76672585313794
2022-12-10,1.4588294643693729,-5.5597050568601105,13.523551241508681,65.51369112626163,24.814870330228366
2022-12-11,20.667622500076817,8.933298166827644,6.50208030863398,42.25426542393444,20.68322337726695
2022-12-12,24.210253695035895,9.511133233963191,13.726543933721949,47.672008073345054,23.756644098471057
2022-12-13,16.803743327352993,10.864736169458808,1.3928229632481148,85.93280503095164,8.801214185612295
2022-12-14,11.220928484757128,-0.5050926974941348,3.4976287435191877,40.00069808532197,16.458089864689384
2022-12-15,8.532841136627084,-0.904661056418627,17.114745178115726,64.99394970893754,13.780484683719521
2022-12-16,5.699071994434789,-7.982350549340264,4.543591140470298,71.35061086513531,7.3444131564254125
2022-12-17,31.828811491152166,25.057313596678306,16.7408225048588,43.278065200058336,17.1532621303731
2022-12-18,27.377873350447814,15.451613828186169,5.585521769088208,98.38468977833998,28.018491258565884
2022-12-19,33.426210979993066,20.04505808351196,12.857638201174153,53.56751987498032,6.001477976267362
2022-12-20,-4.406624943150487,-18.85276713789072,13.883011470196621,58.25192317817685,12.286522837344847
2022-12-21,22.889036384163994,11.056556101267535,10.253095062901059,58.23655073530164,10.188523405142586
2022-12-22,32.225320556946706,22.25357291686243,6.106213533934626,53.824999727040996,10.953666341642407
2022-12-23,-1.8445120225452936,-13.022984424557432,4.252887527421922,40.08842932517869,27.71086379698438
2022-12-24,-7.007667968495013,-20.696717813282195,0.6637870912485244,83.76068764527977,16.701726355857254
2022-12-25,23.35042921805266,12.644331751664364,6.078928024814476,98.01072998795712,16.65748532349547
2022-12-26,15.851290093096036,10.547419496127667,13.06325581062566,53.4576089971027,24.014391061382057
2022-12-27,27.882294954122244,13.572807999052467,18.766096368969652,79.78283150820535,8.862305100123145
2022-12-28,-3.7102430518169722,-15.605510562132585,17.42408964526104,84.51377961752291,17.18163385250127
2022-12-29,25.787029033695056,14.021895175922591,15.321295530706053,90.90552274543148,15.749630353026493
2022-12-30,-0.9267705978514957,-8.083522121828668,15.768946865065974,65.35775182081655,19.9227672636664
2022-12-31,-2.6354825710432976,-14.22433727336987,13.299698069519906,58.17585433842575,29.988942581260964
